DateTime,Global_active_power,Global_reactive_power,Voltage,Global_intensity,Sub_metering_1,Sub_metering_2,Sub_metering_3,RR,NBJRR1,NBJRR5,NBJRR10,NBJBROU,temperature_2m_mean
2006-12-16,1209.176,34.922,236.24376262626262,13.082828282828283,0.0,546.0,4926.0,63.75,9.333,5.667,2.167,0.167,2.9939165
2006-12-17,3390.46,226.006,240.0870277777778,9.999027777777778,2033.0,4187.0,13341.0,63.75,9.333,5.667,2.167,0.167,3.1772497
2006-12-18,2203.826,161.792,241.23169444444446,6.421666666666667,1063.0,2621.0,14018.0,63.75,9.333,5.667,2.167,0.167,1.8314166
2006-12-19,1666.194,150.942,241.9993125,4.926388888888889,839.0,7602.0,6197.0,63.75,9.333,5.667,2.167,0.167,1.196
2006-12-20,2225.748,160.998,242.30806249999998,6.467361111111111,0.0,2648.0,14063.0,63.75,9.333,5.667,2.167,0.167,3.1168334
2006-12-21,1716.624,144.166,241.04054937413073,5.033796940194716,1765.0,2623.0,10421.0,63.75,9.333,5.667,2.167,0.167,3.5397499
2006-12-22,2341.338,186.906,241.1845486111111,6.872916666666667,3151.0,350.0,11131.0,63.75,9.333,5.667,2.167,0.167,1.6543335
2006-12-23,4773.386,221.47,240.1360763888889,14.028055555555557,2669.0,425.0,14726.0,63.75,9.333,5.667,2.167,0.167,1.4251666
2006-12-24,2550.012,149.9,241.6874375,7.640416666666667,1703.0,5082.0,6891.0,63.75,9.333,5.667,2.167,0.167,1.2876667
2006-12-25,2743.12,240.28,243.39993055555558,7.951527777777779,6620.0,1962.0,5795.0,63.75,9.333,5.667,2.167,0.167,0.5689166
2006-12-26,3934.11,165.102,241.6254375,11.347916666666666,1086.0,2533.0,14979.0,63.75,9.333,5.667,2.167,0.167,0.21058334
2006-12-27,1528.76,178.902,243.76736111111111,4.5175,0.0,314.0,6976.0,63.75,9.333,5.667,2.167,0.167,-0.16233338
2006-12-28,2072.638,208.876,243.26833333333335,6.086250000000001,2207.0,4419.0,9176.0,63.75,9.333,5.667,2.167,0.167,1.1480833
2006-12-29,3174.392,196.394,240.87130555555555,9.271388888888888,1252.0,5162.0,11329.0,63.75,9.333,5.667,2.167,0.167,7.743916
2006-12-30,2789.302,311.928,240.54068845618914,8.292211404728791,3072.0,7891.0,12480.0,63.75,9.333,5.667,2.167,0.167,8.812666
2006-12-31,3494.196,150.852,239.8965763888889,10.199583333333333,0.0,347.0,6502.0,63.75,9.333,5.667,2.167,0.167,9.404334
2007-01-01,2749.004,148.166,240.12897916666665,7.916944444444444,0.0,352.0,5880.0,28.36,10.2,0.6,0.0,0.0,6.246
2007-01-02,1269.236,190.342,241.94377777777777,3.7140277777777775,0.0,348.0,6562.0,28.36,10.2,0.6,0.0,0.0,6.1564174
2007-01-03,1014.054,196.728,243.5570902777778,3.0140277777777778,0.0,344.0,4765.0,28.36,10.2,0.6,0.0,0.0,8.906417
2007-01-04,3259.412,202.302,239.7502986111111,9.478194444444444,1051.0,7597.0,10896.0,28.36,10.2,0.6,0.0,0.0,9.148082
2007-01-05,2713.364,173.154,240.49576388888892,7.885138888888889,1483.0,379.0,7602.0,28.36,10.2,0.6,0.0,0.0,10.629333
2007-01-06,1508.378,192.188,239.67305555555555,4.543888888888889,1336.0,402.0,5678.0,28.36,10.2,0.6,0.0,0.0,8.118916
2007-01-07,2447.62,246.074,240.90248611111113,7.282638888888889,1987.0,8177.0,12810.0,28.36,10.2,0.6,0.0,0.0,10.091832
2007-01-08,2241.36,207.568,239.5769513888889,6.551666666666667,0.0,467.0,17547.0,28.36,10.2,0.6,0.0,0.0,11.987667
2007-01-09,1869.054,207.248,240.48752083333335,5.521111111111111,1688.0,4267.0,9790.0,28.36,10.2,0.6,0.0,0.0,9.691833
2007-01-10,2154.8,228.452,241.02745138888892,6.357777777777779,771.0,4456.0,11012.0,28.36,10.2,0.6,0.0,0.0,7.462666
2007-01-11,2255.194,230.02,241.1556875,6.658333333333333,1378.0,2170.0,12415.0,28.36,10.2,0.6,0.0,0.0,9.5772505
2007-01-12,1461.296,199.14,241.53820833333336,4.309166666666666,0.0,439.0,8276.0,28.36,10.2,0.6,0.0,0.0,10.80225
2007-01-13,3186.814,290.736,239.28361111111113,9.453055555555554,7806.0,2975.0,11341.0,28.36,10.2,0.6,0.0,0.0,7.98975
2007-01-14,3007.816,227.12,238.8218485059069,8.968311327310632,1777.0,4215.0,12975.0,28.36,10.2,0.6,0.0,0.0,5.931417
2007-01-15,2148.678,174.86,241.2409097222222,6.261527777777778,1099.0,2239.0,15163.0,28.36,10.2,0.6,0.0,0.0,7.4105835
2007-01-16,1686.404,185.428,241.94475694444446,4.975972222222222,2063.0,644.0,6583.0,28.36,10.2,0.6,0.0,0.0,10.506416
2007-01-17,2847.688,200.752,241.00525,8.283888888888889,3500.0,5737.0,16064.0,28.36,10.2,0.6,0.0,0.0,12.896001
2007-01-18,1821.462,177.712,240.89359722222224,5.3425,0.0,336.0,13491.0,28.36,10.2,0.6,0.0,0.0,13.389748
2007-01-19,1480.44,170.052,240.16094444444445,4.37625,2103.0,330.0,7172.0,28.36,10.2,0.6,0.0,0.0,11.235584
2007-01-20,3133.732,238.362,238.8674722222222,9.348055555555556,4324.0,5222.0,11440.0,28.36,10.2,0.6,0.0,0.0,7.0418334
2007-01-21,3407.262,229.736,238.96811805555558,10.190694444444444,10346.0,5567.0,11599.0,28.36,10.2,0.6,0.0,0.0,4.185583
2007-01-22,2180.494,168.642,241.60313194444444,6.355277777777778,1054.0,2983.0,11361.0,28.36,10.2,0.6,0.0,0.0,1.0939165
2007-01-23,1777.64,138.28,242.76255555555556,5.260833333333333,0.0,1064.0,5061.0,28.36,10.2,0.6,0.0,0.0,0.15849999
2007-01-24,2987.854,178.06,241.45769444444446,8.733611111111111,3464.0,2480.0,11744.0,28.36,10.2,0.6,0.0,0.0,-1.8435835
2007-01-25,1596.344,144.16,243.42436111111112,4.629305555555556,1158.0,262.0,11239.0,28.36,10.2,0.6,0.0,0.0,-1.52275
2007-01-26,1617.972,142.902,242.77179166666667,4.721388888888889,1163.0,261.0,8238.0,28.36,10.2,0.6,0.0,0.0,3.2293336
2007-01-27,2044.072,148.242,241.61656944444442,5.949861111111111,1170.0,3896.0,12374.0,28.36,10.2,0.6,0.0,0.0,3.1834996
2007-01-28,3090.204,153.352,240.30478804725504,9.133703961084086,3466.0,3997.0,12045.0,28.36,10.2,0.6,0.0,0.0,6.275166
2007-01-29,1982.664,165.696,240.9295972222222,5.788888888888889,1123.0,294.0,15254.0,28.36,10.2,0.6,0.0,0.0,6.762666
2007-01-30,1707.798,180.934,241.84087499999998,5.028194444444445,1123.0,1424.0,8149.0,28.36,10.2,0.6,0.0,0.0,6.5147495
2007-01-31,2363.752,185.988,239.92113194444443,6.923611111111111,0.0,5950.0,15052.0,28.36,10.2,0.6,0.0,0.0,7.737667
2007-02-01,1824.76,150.264,240.3921388888889,5.3325000000000005,1170.0,386.0,13145.0,84.117,13.333,6.5,3.0,0.0,8.793916
2007-02-02,1667.736,139.542,240.3343888888889,4.870833333333334,0.0,356.0,11338.0,84.117,13.333,6.5,3.0,0.0,6.3730836
2007-02-03,4029.722,245.824,238.91019444444444,11.815972222222221,4746.0,4573.0,17834.0,84.117,13.333,6.5,3.0,0.0,4.629333
2007-02-04,3595.94,186.494,239.63333333333333,10.565416666666668,3391.0,4597.0,14472.0,84.117,13.333,6.5,3.0,0.0,4.4584994
2007-02-05,1645.28,147.228,240.81031249999998,4.820416666666667,896.0,2564.0,7849.0,84.117,13.333,6.5,3.0,0.0,4.21475
2007-02-06,1273.48,142.566,241.26415972222225,3.7719444444444448,1185.0,405.0,4517.0,84.117,13.333,6.5,3.0,0.0,1.4959998
2007-02-07,2328.018,177.708,241.14969444444444,6.791666666666667,3299.0,3513.0,11986.0,84.117,13.333,6.5,3.0,0.0,5.4439163
2007-02-08,1801.414,138.896,241.79730555555554,5.248333333333334,2226.0,366.0,10157.0,84.117,13.333,6.5,3.0,0.0,5.3001666
2007-02-09,1620.198,158.066,241.74044444444445,4.727222222222222,0.0,3045.0,9770.0,84.117,13.333,6.5,3.0,0.0,7.837666
2007-02-10,2829.328,192.974,240.0368263888889,8.303749999999999,5071.0,2831.0,14405.0,84.117,13.333,6.5,3.0,0.0,9.837666
2007-02-11,3571.228,204.314,239.5061458333333,10.526805555555557,2430.0,4765.0,13114.0,84.117,13.333,6.5,3.0,0.0,9.41475
2007-02-12,1877.61,136.704,240.09850000000003,5.503472222222222,2227.0,399.0,11517.0,84.117,13.333,6.5,3.0,0.0,8.329334
2007-02-13,1414.546,134.678,241.16685416666667,4.14375,0.0,2828.0,6256.0,84.117,13.333,6.5,3.0,0.0,8.381417
2007-02-14,2498.672,202.506,240.3753888888889,7.315138888888888,3295.0,3793.0,11579.0,84.117,13.333,6.5,3.0,0.0,5.2814155
2007-02-15,1985.346,165.964,240.66922222222223,5.820277777777778,0.0,2363.0,14028.0,84.117,13.333,6.5,3.0,0.0,7.9835
2007-02-16,1702.528,151.686,240.82094444444442,5.0465277777777775,1148.0,859.0,8689.0,84.117,13.333,6.5,3.0,0.0,10.1293335
2007-02-17,2076.912,238.968,239.31603472222224,6.129166666666666,1765.0,2226.0,7157.0,84.117,13.333,6.5,3.0,0.0,8.435582
2007-02-18,3829.762,255.522,239.17080555555557,11.238888888888889,6107.0,8003.0,13129.0,84.117,13.333,6.5,3.0,0.0,7.6126657
2007-02-19,2186.614,176.584,239.78958333333333,6.442222222222222,1634.0,2900.0,13085.0,84.117,13.333,6.5,3.0,0.0,8.918916
2007-02-20,3149.928,187.158,239.86544444444445,9.168472222222222,2058.0,5191.0,9713.0,84.117,13.333,6.5,3.0,0.0,9.112666
2007-02-21,2072.874,189.87,240.46096527777777,6.0744444444444445,3527.0,2332.0,11548.0,84.117,13.333,6.5,3.0,0.0,7.496
2007-02-22,3369.478,137.954,238.62353963838666,9.870792767732963,1409.0,4129.0,12251.0,84.117,13.333,6.5,3.0,0.0,8.929332
2007-02-23,1313.48,149.344,240.68596527777777,3.825416666666667,0.0,503.0,10786.0,84.117,13.333,6.5,3.0,0.0,9.621
2007-02-24,714.922,122.202,239.86310416666666,2.0858333333333334,0.0,363.0,3562.0,84.117,13.333,6.5,3.0,0.0,8.123083
2007-02-25,501.74,113.736,241.6815486111111,1.462222222222222,0.0,329.0,1660.0,84.117,13.333,6.5,3.0,0.0,7.9709992
2007-02-26,568.484,108.28,241.27359027777777,1.658888888888889,0.0,331.0,2830.0,84.117,13.333,6.5,3.0,0.0,7.743916
2007-02-27,518.112,113.204,242.94427083333332,1.5245833333333334,0.0,314.0,1924.0,84.117,13.333,6.5,3.0,0.0,10.856416
2007-02-28,520.774,113.372,242.15959027777777,1.5284722222222222,0.0,340.0,1973.0,84.117,13.333,6.5,3.0,0.0,10.016833
2007-03-01,517.564,107.628,241.3214027777778,1.508888888888889,0.0,316.0,1980.0,43.217,12.833,2.667,0.0,0.0,7.5293326
2007-03-02,515.688,107.008,240.59159722222225,1.5068055555555557,0.0,340.0,1969.0,43.217,12.833,2.667,0.0,0.0,10.425166
2007-03-03,819.122,134.992,241.28808333333336,2.401111111111111,0.0,347.0,4597.0,43.217,12.833,2.667,0.0,0.0,9.616834
2007-03-04,2090.7,175.682,240.0297986111111,6.158194444444444,1476.0,8711.0,9408.0,43.217,12.833,2.667,0.0,0.0,10.208499
2007-03-05,2660.332,205.956,240.03090972222222,7.840277777777778,5727.0,12109.0,10026.0,43.217,12.833,2.667,0.0,0.0,9.0085
2007-03-06,1246.5,186.148,240.98806944444445,3.6956944444444444,0.0,1740.0,4700.0,43.217,12.833,2.667,0.0,0.0,8.4939165
2007-03-07,2375.206,171.2,240.3235625,6.935,1076.0,4761.0,15513.0,43.217,12.833,2.667,0.0,0.0,7.568917
2007-03-08,1572.132,187.404,240.66542361111112,4.665138888888889,2180.0,3385.0,6655.0,43.217,12.833,2.667,0.0,0.0,6.6793327
2007-03-09,1272.612,119.238,240.88846527777778,3.73125,1093.0,345.0,8631.0,43.217,12.833,2.667,0.0,0.0,6.8230824
2007-03-10,2484.712,243.528,239.80283333333335,7.341944444444445,4130.0,5422.0,10979.0,43.217,12.833,2.667,0.0,0.0,7.637667
2007-03-11,3480.636,173.374,240.00729166666667,10.121527777777779,4810.0,3420.0,9500.0,43.217,12.833,2.667,0.0,0.0,7.304333
2007-03-12,1950.668,134.422,240.55871527777776,5.728472222222222,1403.0,2841.0,12353.0,43.217,12.833,2.667,0.0,0.0,8.035584
2007-03-13,1290.144,126.718,240.89796527777779,3.8056944444444443,1350.0,3859.0,5323.0,43.217,12.833,2.667,0.0,0.0,9.058499
2007-03-14,1793.364,157.522,240.77729166666666,5.2675,3485.0,480.0,8607.0,43.217,12.833,2.667,0.0,0.0,8.106417
2007-03-15,1884.814,159.326,240.28049305555552,5.523194444444444,0.0,3263.0,11036.0,43.217,12.833,2.667,0.0,0.0,6.6835
2007-03-16,1702.054,130.208,239.52713194444445,4.992361111111111,1106.0,4604.0,5370.0,43.217,12.833,2.667,0.0,0.0,9.137666
2007-03-17,2028.09,127.068,238.22465277777778,5.946111111111111,2208.0,359.0,12275.0,43.217,12.833,2.667,0.0,0.0,7.866834
2007-03-18,2371.046,241.45,241.04781944444443,7.007916666666667,6564.0,7369.0,5856.0,43.217,12.833,2.667,0.0,0.0,3.666833
2007-03-19,2152.518,144.764,240.49709027777777,6.281944444444444,1648.0,2686.0,14118.0,43.217,12.833,2.667,0.0,0.0,2.8147497
2007-03-20,2086.228,164.87,240.8156388888889,6.151249999999999,3745.0,2837.0,11255.0,43.217,12.833,2.667,0.0,0.0,3.6626666
2007-03-21,2142.092,142.83,240.98664583333334,6.237222222222223,1865.0,4133.0,12335.0,43.217,12.833,2.667,0.0,0.0,4.4085
2007-03-22,1454.978,113.826,241.76352777777777,4.223055555555556,353.0,736.0,10462.0,43.217,12.833,2.667,0.0,0.0,3.9147499
2007-03-23,1309.008,119.488,241.64547916666666,3.80375,1127.0,777.0,8369.0,43.217,12.833,2.667,0.0,0.0,4.271
2007-03-24,2968.43,191.024,239.70447222222222,8.703333333333333,3707.0,5797.0,16382.0,43.217,12.833,2.667,0.0,0.0,7.118916
2007-03-25,3336.124,235.972,240.0327588603197,9.722307157748435,4630.0,3600.0,9358.0,43.217,12.833,2.667,0.0,0.0,8.318916
2007-03-26,1416.082,160.966,241.3368125,4.183055555555556,1088.0,344.0,9096.0,43.217,12.833,2.667,0.0,0.0,8.833501
2007-03-27,1105.14,151.726,240.60197916666664,3.296527777777778,0.0,3019.0,3697.0,43.217,12.833,2.667,0.0,0.0,10.006417
2007-03-28,2333.898,196.518,240.4446111111111,6.854583333333333,1122.0,8527.0,13888.0,43.217,12.833,2.667,0.0,0.0,8.262667
2007-03-29,1590.406,198.696,240.5366875,4.676805555555556,1162.0,460.0,10724.0,43.217,12.833,2.667,0.0,0.0,4.5460005
2007-03-30,1402.394,181.12800000000001,241.03922916666667,4.189583333333333,1094.0,468.0,8217.0,43.217,12.833,2.667,0.0,0.0,4.20225
2007-03-31,3509.51,231.504,239.26077083333334,10.264722222222222,2620.0,7707.0,17682.0,43.217,12.833,2.667,0.0,0.0,9.214749
2007-04-01,2785.9519999999998,202.552,240.02448611111112,8.149444444444445,4629.0,5401.0,19509.0,10.567,1.0,0.833,0.667,0.0,11.8064165
2007-04-02,1960.778,174.336,240.46011805555557,5.71263888888889,1755.0,970.0,16641.0,10.567,1.0,0.833,0.667,0.0,9.4626665
2007-04-03,1642.82,168.76,240.50495833333335,4.84625,3630.0,1042.0,7637.0,10.567,1.0,0.833,0.667,0.0,7.3022494
2007-04-04,2051.868,172.318,240.33178472222224,5.98625,3434.0,420.0,14748.0,10.567,1.0,0.833,0.667,0.0,8.287665
2007-04-05,1844.078,244.538,241.1731041666667,5.491527777777778,1086.0,4277.0,10523.0,10.567,1.0,0.833,0.667,0.0,10.454333
2007-04-06,1601.14,143.214,241.18445138888887,4.688611111111111,0.0,5466.0,9166.0,10.567,1.0,0.833,0.667,0.0,9.741834
2007-04-07,1553.924,138.73,240.37859027777776,4.564583333333333,1127.0,3111.0,5923.0,10.567,1.0,0.833,0.667,0.0,9.541834
2007-04-08,1608.816,135.882,240.34918055555556,4.719861111111111,0.0,485.0,3545.0,10.567,1.0,0.833,0.667,0.0,10.146
2007-04-09,1000.92,160.10999999999999,240.55048611111113,2.974583333333333,2667.0,514.0,3801.0,10.567,1.0,0.833,0.667,0.0,11.271
2007-04-10,777.364,148.94,240.8137013888889,2.347361111111111,209.0,742.0,2572.0,10.567,1.0,0.833,0.667,0.0,13.148083
2007-04-11,887.482,192.446,241.1548263888889,2.61875,0.0,1112.0,6421.0,10.567,1.0,0.833,0.667,0.0,14.573085
2007-04-12,537.706,147.812,240.25606249999998,1.5979166666666667,0.0,541.0,1818.0,10.567,1.0,0.833,0.667,0.0,16.591833
2007-04-13,551.022,151.64,240.05048611111113,1.6433333333333333,0.0,558.0,1988.0,10.567,1.0,0.833,0.667,0.0,17.925167
2007-04-14,554.268,155.61,240.31314583333332,1.6513888888888888,0.0,578.0,2008.0,10.567,1.0,0.833,0.667,0.0,18.41475
2007-04-15,726.164,171.544,240.23668750000002,2.1865277777777776,0.0,1026.0,2893.0,10.567,1.0,0.833,0.667,0.0,18.081419
2007-04-16,952.39,186.074,240.6571388888889,2.8724999999999996,952.0,1305.0,4656.0,10.567,1.0,0.833,0.667,0.0,14.998084
2007-04-17,1223.734,218.354,240.19566666666668,3.6908333333333334,1532.0,389.0,6199.0,10.567,1.0,0.833,0.667,0.0,11.510583
2007-04-18,998.246,165.224,240.14677777777777,2.9954166666666664,1579.0,355.0,3430.0,10.567,1.0,0.833,0.667,0.0,11.5668335
2007-04-19,1028.658,149.66,240.42984027777777,3.055833333333333,733.0,1605.0,5748.0,10.567,1.0,0.833,0.667,0.0,12.966832
2007-04-20,822.58,145.64600000000002,240.13289583333332,2.494861111111111,1069.0,360.0,3499.0,10.567,1.0,0.833,0.667,0.0,13.06475
2007-04-21,1673.656,212.658,239.21323611111112,5.035694444444444,6575.0,463.0,11129.0,10.567,1.0,0.833,0.667,0.0,14.9730835
2007-04-22,2233.714,267.194,239.60888194444442,6.688472222222222,4264.0,2287.0,11102.0,10.567,1.0,0.833,0.667,0.0,17.541832
2007-04-23,1054.566,135.64,237.23564583333334,3.264166666666666,1402.0,506.0,6005.0,10.567,1.0,0.833,0.667,0.0,18.375166
2007-04-24,1032.1,135.264,235.3449236111111,3.1448611111111116,1125.0,527.0,6680.0,10.567,1.0,0.833,0.667,0.0,19.529333
2007-04-25,1264.162,164.736,234.94111111111113,3.858055555555556,0.0,1469.0,8812.0,10.567,1.0,0.833,0.667,0.0,18.262667
2007-04-26,1275.466,163.606,234.7872986111111,3.92375,1324.0,1845.0,7163.0,10.567,1.0,0.833,0.667,0.0,19.666834
2007-04-27,1094.332,161.928,235.21616666666668,3.3125,1772.0,545.0,4756.0,10.567,1.0,0.833,0.667,0.0,19.056414
2007-04-28,22.738,2.86,233.98619047619047,4.6380952380952385,0.0,18.0,0.0,10.567,1.0,0.833,0.667,0.0,17.683498
2007-04-30,420.822,71.718,234.87003472222224,3.239236111111111,1214.0,500.0,1131.0,10.567,1.0,0.833,0.667,0.0,17.237667
2007-05-01,1663.858,181.608,234.6787013888889,5.073333333333333,4005.0,995.0,8546.0,81.367,13.0,6.667,2.333,0.0,16.371
2007-05-02,1003.486,160.092,235.58207638888888,3.1415277777777777,7.0,1490.0,3754.0,81.367,13.0,6.667,2.333,0.0,15.916833
2007-05-03,1090.238,150.942,235.1348888888889,3.307638888888889,1906.0,1725.0,7836.0,81.367,13.0,6.667,2.333,0.0,14.496001
2007-05-04,998.128,174.74,235.71019444444443,3.0780555555555553,2259.0,538.0,3990.0,81.367,13.0,6.667,2.333,0.0,13.441834
2007-05-05,1563.052,174.102,235.03502083333333,4.736111111111111,2913.0,2493.0,11303.0,81.367,13.0,6.667,2.333,0.0,12.773084
2007-05-06,2102.104,182.336,234.4096527777778,6.409027777777778,3215.0,949.0,10095.0,81.367,13.0,6.667,2.333,0.0,15.166833
2007-05-07,1643.664,168.918,234.5369722222222,4.980972222222222,946.0,4935.0,9433.0,81.367,13.0,6.667,2.333,0.0,15.571
2007-05-08,1789.292,181.612,234.9062361111111,5.356388888888889,4581.0,2011.0,8777.0,81.367,13.0,6.667,2.333,0.0,15.745998
2007-05-09,1665.736,183.484,234.8737222222222,5.056111111111111,3018.0,5631.0,9474.0,81.367,13.0,6.667,2.333,0.0,17.208498
2007-05-10,707.884,168.314,235.79625694444442,2.2068055555555555,946.0,534.0,3261.0,81.367,13.0,6.667,2.333,0.0,14.548083
2007-05-11,979.154,132.096,235.22975694444443,3.027638888888889,926.0,491.0,6471.0,81.367,13.0,6.667,2.333,0.0,14.877248
2007-05-12,1441.566,209.172,234.72290277777776,4.360555555555555,2247.0,1075.0,10408.0,81.367,13.0,6.667,2.333,0.0,15.256419
2007-05-13,1634.738,220.67,235.7087083333333,4.969166666666667,3612.0,2414.0,8958.0,81.367,13.0,6.667,2.333,0.0,14.025168
2007-05-14,1467.782,298.552,235.69006944444445,4.574166666666667,3176.0,2417.0,5517.0,81.367,13.0,6.667,2.333,0.0,12.075166
2007-05-15,904.392,111.182,235.61199305555556,2.7333333333333334,0.0,408.0,5318.0,81.367,13.0,6.667,2.333,0.0,13.214751
2007-05-16,1692.944,135.894,235.26081250000001,5.071805555555556,2213.0,5756.0,9077.0,81.367,13.0,6.667,2.333,0.0,14.654334
2007-05-17,1231.816,131.188,235.86845833333334,3.720972222222222,1014.0,2073.0,7687.0,81.367,13.0,6.667,2.333,0.0,16.373083
2007-05-18,1631.53,171.258,235.9945972222222,4.876666666666666,3270.0,3913.0,8116.0,81.367,13.0,6.667,2.333,0.0,15.137665
2007-05-19,1429.442,167.858,234.94472222222223,4.319305555555555,4683.0,530.0,7022.0,81.367,13.0,6.667,2.333,0.0,13.218918
2007-05-20,1968.328,187.532,235.34811805555555,5.941527777777777,5420.0,1733.0,7611.0,81.367,13.0,6.667,2.333,0.0,17.825167
2007-05-21,1120.062,117.28,234.6919097222222,3.338611111111111,0.0,468.0,9060.0,81.367,13.0,6.667,2.333,0.0,17.321
2007-05-22,1132.852,128.916,235.48057638888892,3.3998611111111114,931.0,3966.0,3984.0,81.367,13.0,6.667,2.333,0.0,16.566833
2007-05-23,1464.936,165.878,234.81249305555554,4.3975,956.0,3792.0,8119.0,81.367,13.0,6.667,2.333,0.0,19.204332
2007-05-24,1154.388,135.56,235.5460625,3.462083333333333,955.0,4116.0,4746.0,81.367,13.0,6.667,2.333,0.0,19.629332
2007-05-25,1614.22,174.588,234.44720138888886,4.863472222222222,8060.0,586.0,6539.0,81.367,13.0,6.667,2.333,0.0,17.541834
2007-05-26,1512.248,174.24,235.0698888888889,4.562777777777778,2373.0,2754.0,8628.0,81.367,13.0,6.667,2.333,0.0,11.8168335
2007-05-27,2153.808,219.894,234.90843750000002,6.5065277777777775,4366.0,5534.0,10444.0,81.367,13.0,6.667,2.333,0.0,11.104333
2007-05-28,1637.468,151.1,234.90657638888888,4.921944444444445,4554.0,473.0,9586.0,81.367,13.0,6.667,2.333,0.0,10.891831
2007-05-29,1061.34,113.244,235.6943472222222,3.2072222222222218,0.0,1907.0,4332.0,81.367,13.0,6.667,2.333,0.0,12.643916
2007-05-30,1609.866,147.058,234.83139583333335,4.8284722222222225,2250.0,5948.0,7804.0,81.367,13.0,6.667,2.333,0.0,13.312669
2007-05-31,938.55,129.586,235.09652777777777,2.7918055555555554,935.0,477.0,3552.0,81.367,13.0,6.667,2.333,0.0,13.1335
2007-06-01,1044.918,143.182,235.32332175121613,3.1356497567755386,0.0,483.0,7664.0,45.467,10.333,4.0,0.667,0.0,16.15225
2007-06-02,1484.362,166.108,234.4690277777778,4.474027777777778,3971.0,1250.0,7633.0,45.467,10.333,4.0,0.667,0.0,18.060583
2007-06-03,2108.026,182.458,234.762375,6.352916666666667,4985.0,7529.0,8334.0,45.467,10.333,4.0,0.667,0.0,18.754332
2007-06-04,911.618,223.192,234.7480694444444,2.8222222222222224,1585.0,836.0,4533.0,45.467,10.333,4.0,0.667,0.0,18.960583
2007-06-05,1458.892,255.692,234.6927638888889,4.465138888888889,4484.0,1027.0,6448.0,45.467,10.333,4.0,0.667,0.0,19.531416
2007-06-06,1693.638,231.06,234.62163307852677,5.108825573314802,3329.0,829.0,11663.0,45.467,10.333,4.0,0.667,0.0,18.012667
2007-06-07,985.002,172.334,234.47880555555554,2.9823611111111115,985.0,699.0,3959.0,45.467,10.333,4.0,0.667,0.0,18.443916
2007-06-08,2148.046,229.732,236.19744444444444,6.448194444444444,2799.0,11440.0,11380.0,45.467,10.333,4.0,0.667,0.0,18.312666
2007-06-09,1059.814,226.656,240.70545649072753,3.2562054208273894,852.0,596.0,6590.0,45.467,10.333,4.0,0.667,0.0,19.345999
2007-06-10,1340.812,239.092,240.84428472222223,4.005694444444444,4202.0,1924.0,5983.0,45.467,10.333,4.0,0.667,0.0,18.748083
2007-06-11,794.654,194.63400000000001,240.85674999999998,2.4179166666666667,0.0,487.0,5328.0,45.467,10.333,4.0,0.667,0.0,18.700167
2007-06-12,918.766,216.416,240.2248958333333,2.8586111111111108,1882.0,475.0,3898.0,45.467,10.333,4.0,0.667,0.0,18.916836
2007-06-13,927.272,208.26,240.39760416666667,2.8175,957.0,857.0,5216.0,45.467,10.333,4.0,0.667,0.0,18.504332
2007-06-14,1259.084,231.696,239.84778472222223,3.783333333333333,3322.0,2147.0,7054.0,45.467,10.333,4.0,0.667,0.0,17.131416
2007-06-15,989.604,251.762,240.46438194444445,3.0662499999999997,2269.0,4011.0,4547.0,45.467,10.333,4.0,0.667,0.0,16.375166
2007-06-16,2017.762,307.558,239.50169444444444,5.975,3289.0,4498.0,11108.0,45.467,10.333,4.0,0.667,0.0,16.3335
2007-06-17,1947.09,239.814,240.21918055555554,5.7693055555555555,4124.0,5038.0,8734.0,45.467,10.333,4.0,0.667,0.0,18.458498
2007-06-18,678.474,180.81,240.77620138888886,2.07875,0.0,529.0,4241.0,45.467,10.333,4.0,0.667,0.0,21.085583
2007-06-19,842.36,187.986,240.26925591098748,2.560778859527121,973.0,535.0,4357.0,45.467,10.333,4.0,0.667,0.0,18.610582
2007-06-20,1074.286,227.302,240.15616666666668,3.3068055555555556,1761.0,2588.0,5106.0,45.467,10.333,4.0,0.667,0.0,17.410585
2007-06-21,806.946,222.546,240.57494444444444,2.500833333333333,932.0,2400.0,3711.0,45.467,10.333,4.0,0.667,0.0,15.281415
2007-06-22,566.294,208.526,240.83563194444443,1.807361111111111,0.0,951.0,3482.0,45.467,10.333,4.0,0.667,0.0,16.391832
2007-06-23,477.56600000000003,193.12,240.31896527777778,1.5356944444444445,0.0,786.0,2402.0,45.467,10.333,4.0,0.667,0.0,16.750166
2007-06-24,714.656,179.362,241.1322152777778,2.207638888888889,0.0,791.0,3449.0,45.467,10.333,4.0,0.667,0.0,15.739751
2007-06-25,1072.202,197.27,240.4222638888889,3.25,1985.0,3621.0,4816.0,45.467,10.333,4.0,0.667,0.0,14.079333
2007-06-26,944.908,182.42,240.09450694444448,2.877083333333333,971.0,1334.0,5231.0,45.467,10.333,4.0,0.667,0.0,13.516834
2007-06-27,1480.826,206.998,239.7584097222222,4.429166666666666,2603.0,6451.0,7270.0,45.467,10.333,4.0,0.667,0.0,15.014749
2007-06-28,1295.438,217.446,239.4236666666667,3.8895833333333334,0.0,4368.0,9541.0,45.467,10.333,4.0,0.667,0.0,15.431416
2007-06-29,1304.198,206.194,240.18230020847813,3.9424600416956217,4363.0,667.0,6797.0,45.467,10.333,4.0,0.667,0.0,17.364748
2007-06-30,1335.314,188.354,240.01161111111108,3.9715277777777778,3049.0,792.0,8376.0,45.467,10.333,4.0,0.667,0.0,19.093916
2007-07-01,1026.664,172.448,240.06715277777778,3.080694444444444,969.0,736.0,4690.0,78.05,12.667,5.167,3.5,0.0,17.243914
2007-07-02,967.032,176.924,240.6718125,2.9277777777777776,1018.0,5281.0,3445.0,78.05,12.667,5.167,3.5,0.0,15.264749
2007-07-03,1059.912,180.338,240.1869375,3.2306944444444445,467.0,3214.0,4695.0,78.05,12.667,5.167,3.5,0.0,14.9001665
2007-07-04,1003.41,253.334,240.65963194444444,3.0954166666666665,2329.0,2218.0,5632.0,78.05,12.667,5.167,3.5,0.0,15.4001665
2007-07-05,1057.29,246.716,240.44444444444446,3.2331944444444445,2922.0,770.0,3973.0,78.05,12.667,5.167,3.5,0.0,16.850168
2007-07-06,1069.5240000000001,219.35,240.5994513888889,3.2686111111111114,2826.0,3563.0,4005.0,78.05,12.667,5.167,3.5,0.0,15.0668335
2007-07-07,1358.206,214.044,239.91013888888887,4.034861111111111,997.0,3047.0,10177.0,78.05,12.667,5.167,3.5,0.0,15.433499
2007-07-08,1089.08,196.92,240.33889583333334,3.289305555555556,1825.0,2831.0,5277.0,78.05,12.667,5.167,3.5,0.0,14.039752
2007-07-09,1180.158,172.422,240.6176458333333,3.51625,923.0,594.0,9386.0,78.05,12.667,5.167,3.5,0.0,13.489749
2007-07-10,908.324,176.244,239.98305555555555,2.786111111111111,67.0,2227.0,4631.0,78.05,12.667,5.167,3.5,0.0,15.108499
2007-07-11,722.352,153.856,241.0300347222222,2.1994444444444445,1015.0,647.0,5284.0,78.05,12.667,5.167,3.5,0.0,15.873085
2007-07-12,1069.582,209.098,240.76461805555556,3.2336111111111108,1029.0,2550.0,6419.0,78.05,12.667,5.167,3.5,0.0,20.71475
2007-07-13,794.382,206.694,240.85480555555554,2.450833333333333,0.0,633.0,4427.0,78.05,12.667,5.167,3.5,0.0,22.060583
2007-07-14,1288.17,258.45,241.29188194444444,3.8940277777777776,3775.0,1968.0,6604.0,78.05,12.667,5.167,3.5,0.0,23.637663
2007-07-15,917.024,233.182,240.5965496183206,3.0916030534351147,862.0,632.0,5585.0,78.05,12.667,5.167,3.5,0.0,21.000168
2007-07-16,853.674,233.96,236.5072361111111,2.6605555555555553,830.0,695.0,4176.0,78.05,12.667,5.167,3.5,0.0,18.427252
2007-07-17,719.632,176.088,234.74125694444442,2.27625,848.0,694.0,3335.0,78.05,12.667,5.167,3.5,0.0,18.627249
2007-07-18,757.082,156.514,231.08822916666665,2.3868055555555556,909.0,671.0,4628.0,78.05,12.667,5.167,3.5,0.0,19.910582
2007-07-19,677.886,187.012,234.26186111111113,2.1438888888888887,1068.0,703.0,3130.0,78.05,12.667,5.167,3.5,0.0,18.496
2007-07-20,1110.422,223.118,235.56890277777777,3.451666666666666,2111.0,2418.0,4765.0,78.05,12.667,5.167,3.5,0.0,16.448084
2007-07-21,1060.248,236.158,234.25662499999999,3.291527777777778,428.0,512.0,7756.0,78.05,12.667,5.167,3.5,0.0,16.656418
2007-07-22,1375.7740000000001,218.246,235.96373175816538,4.226546212647672,7091.0,2136.0,5563.0,78.05,12.667,5.167,3.5,0.0,16.623083
2007-07-23,991.018,143.77,234.50086805555554,3.075972222222222,1747.0,1288.0,3847.0,78.05,12.667,5.167,3.5,0.0,17.281412
2007-07-24,825.284,112.81,235.36304166666667,2.550972222222222,0.0,1607.0,5599.0,78.05,12.667,5.167,3.5,0.0,16.885582
2007-07-25,472.56,108.234,235.6410486111111,1.4793055555555554,0.0,151.0,2333.0,78.05,12.667,5.167,3.5,0.0,18.504332
2007-07-26,924.5,115.092,234.94372222222225,2.8381944444444445,975.0,3633.0,4346.0,78.05,12.667,5.167,3.5,0.0,18.420998
2007-07-27,1202.514,120.456,235.55368055555556,3.6233333333333335,1837.0,49.0,7157.0,78.05,12.667,5.167,3.5,0.0,19.025167
2007-07-28,1621.862,178.73,235.5072361111111,4.941666666666666,907.0,10265.0,6559.0,78.05,12.667,5.167,3.5,0.0,17.74392
2007-07-29,321.116,118.576,235.71203472222223,1.0334722222222223,0.0,0.0,1288.0,78.05,12.667,5.167,3.5,0.0,15.771
2007-07-30,466.816,129.492,235.5302291666667,1.4672222222222224,0.0,0.0,2528.0,78.05,12.667,5.167,3.5,0.0,15.668916
2007-07-31,812.332,145.786,234.9148125,2.5025,3277.0,0.0,3575.0,78.05,12.667,5.167,3.5,0.0,18.262667
2007-08-01,1060.338,142.556,235.00917547568713,3.253417899929528,1583.0,0.0,9812.0,144.96,13.8,7.2,4.4,0.0,18.010584
2007-08-02,1019.416,144.954,234.85659027777777,3.087083333333333,482.0,0.0,6869.0,144.96,13.8,7.2,4.4,0.0,17.243917
2007-08-03,1063.364,125.388,234.4856041666667,3.2072222222222218,958.0,0.0,9139.0,144.96,13.8,7.2,4.4,0.0,20.575167
2007-08-04,1144.99,139.226,235.25722222222223,3.4523611111111108,552.0,398.0,7966.0,144.96,13.8,7.2,4.4,0.0,23.045998
2007-08-05,787.098,151.254,235.11527083333334,2.4368055555555554,169.0,0.0,6647.0,144.96,13.8,7.2,4.4,0.0,19.108501
2007-08-06,1089.72,154.434,234.70274305555557,3.3170833333333336,1096.0,0.0,7985.0,144.96,13.8,7.2,4.4,0.0,16.654333
2007-08-07,1483.58,131.182,234.55388194444447,4.425972222222222,437.0,2168.0,9042.0,144.96,13.8,7.2,4.4,0.0,15.193916
2007-08-08,1125.482,119.096,234.512375,3.3805555555555555,1055.0,1111.0,9660.0,144.96,13.8,7.2,4.4,0.0,14.9626665
2007-08-09,1071.68,109.474,234.21438888888886,3.272361111111111,182.0,4515.0,6646.0,144.96,13.8,7.2,4.4,0.0,16.352247
2007-08-10,1028.01,117.656,234.48881250000002,3.1297222222222225,336.0,2651.0,8287.0,144.96,13.8,7.2,4.4,0.0,17.9835
2007-08-11,1091.65,115.77,234.98018055555556,3.2856944444444443,1180.0,910.0,10339.0,144.96,13.8,7.2,4.4,0.0,18.841833
2007-08-12,1241.904,127.776,235.6648541666667,3.742777777777778,1123.0,1156.0,8582.0,144.96,13.8,7.2,4.4,0.0,17.18975
2007-08-13,1153.012,130.94,235.21656944444445,3.44875,93.0,476.0,11101.0,144.96,13.8,7.2,4.4,0.0,17.950167
2007-08-14,941.1899999999999,132.01,237.07638888888889,2.8541666666666665,951.0,685.0,6256.0,144.96,13.8,7.2,4.4,0.0,20.168915
2007-08-15,1191.86,159.764,239.99340972222222,3.5420833333333337,338.0,508.0,9787.0,144.96,13.8,7.2,4.4,0.0,16.604332
2007-08-16,958.496,131.532,239.73765972222222,2.843888888888889,962.0,0.0,7476.0,144.96,13.8,7.2,4.4,0.0,15.3689165
2007-08-17,1009.8919999999999,127.388,240.4940486111111,2.9815277777777776,244.0,0.0,7769.0,144.96,13.8,7.2,4.4,0.0,15.581418
2007-08-18,347.96,119.24,241.27963194444445,1.0788888888888888,0.0,0.0,1830.0,144.96,13.8,7.2,4.4,0.0,15.687668
2007-08-19,1422.294,160.018,239.9536666666667,4.2619444444444445,1025.0,8912.0,5989.0,144.96,13.8,7.2,4.4,0.0,14.318916
2007-08-20,1338.842,155.88,241.30069444444445,3.9633333333333334,1032.0,6965.0,7383.0,144.96,13.8,7.2,4.4,0.0,15.814751
2007-08-21,642.556,157.308,240.57305555555556,1.961111111111111,0.0,38.0,3296.0,144.96,13.8,7.2,4.4,0.0,16.470999
2007-08-22,1209.808,154.288,240.81731944444445,3.57125,3048.0,1836.0,7241.0,144.96,13.8,7.2,4.4,0.0,16.82725
2007-08-23,1112.312,157.954,240.64730555555556,3.330277777777778,2502.0,259.0,5342.0,144.96,13.8,7.2,4.4,0.0,17.758497
2007-08-24,1656.214,262.692,240.49464211257816,4.938568450312718,1891.0,3782.0,9944.0,144.96,13.8,7.2,4.4,0.0,18.27725
2007-08-25,1150.88,272.548,239.8598263888889,3.55375,4149.0,2191.0,5678.0,144.96,13.8,7.2,4.4,0.0,18.458502
2007-08-26,1314.906,299.388,239.95091666666667,4.012638888888889,1541.0,3645.0,5658.0,144.96,13.8,7.2,4.4,0.0,17.191835
2007-08-27,1211.73,299.084,239.92358333333334,3.6912499999999997,2305.0,1229.0,6344.0,144.96,13.8,7.2,4.4,0.0,15.523084
2007-08-28,997.004,181.114,239.54987500000001,2.996111111111111,1038.0,2468.0,5483.0,144.96,13.8,7.2,4.4,0.0,14.968917
2007-08-29,747.992,175.426,240.74499305555554,2.279583333333333,957.0,562.0,4932.0,144.96,13.8,7.2,4.4,0.0,14.846001
2007-08-30,1202.458,191.048,240.57317361111112,3.6043055555555554,3822.0,2580.0,4221.0,144.96,13.8,7.2,4.4,0.0,16.496
2007-08-31,1279.822,187.256,239.98570138888888,3.788472222222222,1200.0,666.0,8738.0,144.96,13.8,7.2,4.4,0.0,17.185583
2007-09-01,1701.486,289.846,239.35574305555556,5.065416666666667,2497.0,569.0,9733.0,18.3,4.667,1.333,0.0,0.0,16.881416
2007-09-02,1662.468,231.598,240.04533333333336,5.017222222222222,3613.0,1617.0,8806.0,18.3,4.667,1.333,0.0,0.0,15.448085
2007-09-03,1038.922,188.422,239.62034722222222,3.1306944444444444,621.0,2515.0,5323.0,18.3,4.667,1.333,0.0,0.0,12.971
2007-09-04,1584.944,179.626,239.65966666666665,4.755972222222223,2928.0,3501.0,9821.0,18.3,4.667,1.333,0.0,0.0,13.100167
2007-09-05,1236.572,148.864,239.1481597222222,3.697638888888889,0.0,4144.0,6705.0,18.3,4.667,1.333,0.0,0.0,17.223083
2007-09-06,901.474,172.026,239.3400486111111,2.752222222222222,0.0,3888.0,3461.0,18.3,4.667,1.333,0.0,0.0,17.041832
2007-09-07,1336.496,181.738,239.0317013888889,4.007222222222222,3632.0,551.0,9388.0,18.3,4.667,1.333,0.0,0.0,16.971
2007-09-08,1469.752,186.33,239.73044444444446,4.391944444444444,3339.0,1801.0,9164.0,18.3,4.667,1.333,0.0,0.0,16.433498
2007-09-09,1679.502,209.152,238.92214583333333,5.054027777777778,2184.0,4438.0,9233.0,18.3,4.667,1.333,0.0,0.0,14.808499
2007-09-10,1117.376,177.498,239.3886597222222,3.36375,935.0,595.0,5613.0,18.3,4.667,1.333,0.0,0.0,14.456417
2007-09-11,983.572,151.764,240.07199305555554,2.9520833333333334,943.0,550.0,5792.0,18.3,4.667,1.333,0.0,0.0,13.6814165
2007-09-12,1287.764,171.794,240.01505555555556,3.86,0.0,3217.0,7755.0,18.3,4.667,1.333,0.0,0.0,15.491836
2007-09-13,1146.382,165.958,239.3098333333333,3.4644444444444447,1175.0,2523.0,3853.0,18.3,4.667,1.333,0.0,0.0,15.554334
2007-09-14,1135.47,183.126,239.30189583333333,3.444722222222222,901.0,676.0,5804.0,18.3,4.667,1.333,0.0,0.0,16.273083
2007-09-15,1095.312,184.466,240.00197222222224,3.278194444444445,0.0,1449.0,6464.0,18.3,4.667,1.333,0.0,0.0,18.352251
2007-09-16,1652.224,192.352,239.56046527777778,4.96625,3118.0,3064.0,9310.0,18.3,4.667,1.333,0.0,0.0,15.968919
2007-09-17,1461.186,202.314,239.21479861111112,4.413472222222222,6651.0,926.0,6279.0,18.3,4.667,1.333,0.0,0.0,12.100166
2007-09-18,1167.52,147.132,238.26067361111112,3.5127777777777776,1888.0,2029.0,5425.0,18.3,4.667,1.333,0.0,0.0,10.831416
2007-09-19,1298.684,151.794,240.30520833333333,3.8833333333333333,0.0,2743.0,7937.0,18.3,4.667,1.333,0.0,0.0,13.100167
2007-09-20,1255.532,132.908,239.71498611111113,3.720972222222222,1056.0,489.0,9996.0,18.3,4.667,1.333,0.0,0.0,14.539752
2007-09-21,1238.78,152.834,239.38146527777778,3.732638888888889,3130.0,2745.0,6316.0,18.3,4.667,1.333,0.0,0.0,15.2439165
2007-09-22,1176.172,183.432,239.48303472222221,3.515138888888889,944.0,1311.0,7688.0,18.3,4.667,1.333,0.0,0.0,17.068914
2007-09-23,1417.97,242.974,239.50043055555554,4.28,2831.0,1929.0,7382.0,18.3,4.667,1.333,0.0,0.0,14.858501
2007-09-24,1354.53,197.624,238.60060416666667,4.078749999999999,929.0,3935.0,7955.0,18.3,4.667,1.333,0.0,0.0,12.487667
2007-09-25,1764.342,130.078,238.0996111111111,5.206388888888889,916.0,2253.0,9820.0,18.3,4.667,1.333,0.0,0.0,10.456416
2007-09-26,1822.264,168.628,239.42456884561892,5.3770514603616135,1058.0,9415.0,5661.0,18.3,4.667,1.333,0.0,0.0,10.860583
2007-09-27,1392.6,150.71,239.56705555555556,4.0777777777777775,1066.0,643.0,7324.0,18.3,4.667,1.333,0.0,0.0,11.793916
2007-09-28,1680.498,222.718,239.46243055555558,4.994166666666667,996.0,3722.0,9952.0,18.3,4.667,1.333,0.0,0.0,13.0355835
2007-09-29,2296.522,182.122,239.1401111111111,6.7931944444444445,4085.0,7457.0,8190.0,18.3,4.667,1.333,0.0,0.0,13.1085005
2007-09-30,1516.29,163.588,240.0647847222222,4.452500000000001,1405.0,582.0,10225.0,18.3,4.667,1.333,0.0,0.0,16.412666
2007-10-01,1720.922,146.734,239.23991666666666,5.0737499999999995,1507.0,6622.0,5960.0,59.88,4.6,3.6,2.4,0.4,16.021
2007-10-02,2198.864,161.828,238.49379166666665,6.474027777777778,508.0,8022.0,12815.0,59.88,4.6,3.6,2.4,0.4,17.241833
2007-10-03,1280.454,157.738,239.26106944444444,3.8,979.0,5024.0,3692.0,59.88,4.6,3.6,2.4,0.4,14.93975
2007-10-04,1518.458,138.448,239.2050763888889,4.454583333333334,2400.0,444.0,9710.0,59.88,4.6,3.6,2.4,0.4,15.385583
2007-10-05,1394.092,150.636,238.8271111111111,4.089722222222222,0.0,351.0,9425.0,59.88,4.6,3.6,2.4,0.4,14.529332
2007-10-06,1756.24,186.192,238.38071527777777,5.167638888888889,4840.0,347.0,9666.0,59.88,4.6,3.6,2.4,0.4,12.625165
2007-10-07,2106.114,153.178,238.8262777777778,6.207916666666667,2498.0,8255.0,10886.0,59.88,4.6,3.6,2.4,0.4,11.798081
2007-10-08,1095.242,121.896,239.09654861111113,3.2311111111111113,0.0,420.0,5082.0,59.88,4.6,3.6,2.4,0.4,13.821002
2007-10-09,1687.858,159.802,238.87914583333333,4.9823611111111115,2034.0,2147.0,9290.0,59.88,4.6,3.6,2.4,0.4,12.3168335
2007-10-10,1166.972,132.752,239.4211597222222,3.4886111111111116,1863.0,2117.0,3345.0,59.88,4.6,3.6,2.4,0.4,13.279335
2007-10-11,1732.446,153.108,238.4441527777778,5.1090277777777775,2630.0,414.0,7806.0,59.88,4.6,3.6,2.4,0.4,12.506415
2007-10-12,1914.504,137.984,238.48131250000003,5.667083333333333,1020.0,5028.0,11659.0,59.88,4.6,3.6,2.4,0.4,13.548083
2007-10-13,1926.728,125.204,238.76540972222222,5.700694444444444,969.0,3799.0,8463.0,59.88,4.6,3.6,2.4,0.4,12.504334
2007-10-14,2061.252,150.05,239.1010347222222,6.078749999999999,2930.0,7494.0,7126.0,59.88,4.6,3.6,2.4,0.4,12.723083
2007-10-15,1266.33,118.182,239.29270833333334,3.7219444444444445,1061.0,339.0,7654.0,59.88,4.6,3.6,2.4,0.4,13.446
2007-10-16,1964.442,185.414,238.86261805555554,5.823194444444444,0.0,7871.0,9876.0,59.88,4.6,3.6,2.4,0.4,13.743918
2007-10-17,1576.93,136.4,239.19213194444444,4.6369444444444445,1065.0,453.0,8968.0,59.88,4.6,3.6,2.4,0.4,10.300167
2007-10-18,1518.53,122.5,239.80028472222222,4.43375,1162.0,317.0,9864.0,59.88,4.6,3.6,2.4,0.4,8.571
2007-10-19,2085.648,121.478,239.65217361111112,6.103194444444445,1299.0,3124.0,11648.0,59.88,4.6,3.6,2.4,0.4,6.795999
2007-10-20,1660.246,139.544,241.82481944444444,4.814722222222222,2363.0,296.0,13225.0,59.88,4.6,3.6,2.4,0.4,5.493917
2007-10-21,1941.94,154.028,241.49074305555555,5.701666666666666,3712.0,4357.0,7313.0,59.88,4.6,3.6,2.4,0.4,7.298084
2007-10-22,1652.896,116.41,240.54540277777778,4.805833333333333,0.0,299.0,13027.0,59.88,4.6,3.6,2.4,0.4,5.296
2007-10-23,1954.648,127.484,241.2318567454798,5.712100139082058,1067.0,5186.0,10680.0,59.88,4.6,3.6,2.4,0.4,6.0001664
2007-10-24,1865.636,146.782,240.80827083333332,5.473194444444444,4459.0,364.0,9115.0,59.88,4.6,3.6,2.4,0.4,8.108499
2007-10-25,1853.918,132.2,240.47263194444446,5.413611111111111,1478.0,2433.0,7385.0,59.88,4.6,3.6,2.4,0.4,9.266833
2007-10-26,1437.568,109.676,240.68085416666665,4.365833333333334,0.0,348.0,5766.0,59.88,4.6,3.6,2.4,0.4,8.964749
2007-10-27,1785.688,109.186,240.20120833333334,5.309166666666666,1374.0,4856.0,8949.0,59.88,4.6,3.6,2.4,0.4,9.2835
2007-10-28,512.158,92.298,240.86605555555556,1.485277777777778,0.0,283.0,1765.0,59.88,4.6,3.6,2.4,0.4,9.237666
2007-10-29,545.428,86.998,241.19330555555555,1.5744444444444443,0.0,269.0,2749.0,59.88,4.6,3.6,2.4,0.4,8.302249
2007-10-30,811.008,89.84,240.62592361111112,2.3513888888888888,0.0,1935.0,4256.0,59.88,4.6,3.6,2.4,0.4,6.941833
2007-10-31,1283.21,107.2,240.33897916666666,3.7423611111111112,0.0,4700.0,8915.0,59.88,4.6,3.6,2.4,0.4,9.4085
2007-11-01,496.216,85.046,240.93840277777778,1.4359722222222224,0.0,293.0,1991.0,37.75,8.0,2.833,0.0,0.0,11.0876665
2007-11-02,1443.602,93.362,239.3489861111111,4.202638888888889,1346.0,2115.0,12245.0,37.75,8.0,2.833,0.0,0.0,12.181416
2007-11-03,492.55,88.124,240.19050694444445,1.4343055555555557,0.0,282.0,1936.0,37.75,8.0,2.833,0.0,0.0,10.816833
2007-11-04,1485.686,138.802,240.20552083333334,4.384027777777778,0.0,4387.0,7068.0,37.75,8.0,2.833,0.0,0.0,8.585585
2007-11-05,1500.592,131.35,239.65911111111112,4.39625,1265.0,397.0,6583.0,37.75,8.0,2.833,0.0,0.0,8.72725
2007-11-06,2082.378,200.526,238.70195833333335,6.149861111111111,1105.0,5515.0,10690.0,37.75,8.0,2.833,0.0,0.0,8.425167
2007-11-07,1844.758,193.52,239.5649097222222,5.481111111111111,5042.0,301.0,6374.0,37.75,8.0,2.833,0.0,0.0,10.437666
2007-11-08,1501.06,134.698,240.75264583333333,4.435,1715.0,314.0,6500.0,37.75,8.0,2.833,0.0,0.0,6.93975
2007-11-09,2171.226,113.242,238.71543749999998,6.367222222222222,0.0,4573.0,15375.0,37.75,8.0,2.833,0.0,0.0,8.587665
2007-11-10,2611.6,237.652,239.11040972222222,7.706944444444445,3697.0,304.0,13767.0,37.75,8.0,2.833,0.0,0.0,10.31475
2007-11-11,1887.124,185.61,240.26026388888891,5.540555555555556,3445.0,320.0,6024.0,37.75,8.0,2.833,0.0,0.0,5.6709995
2007-11-12,2156.146,137.468,239.82559027777776,6.271944444444444,1018.0,4165.0,13281.0,37.75,8.0,2.833,0.0,0.0,4.8064165
2007-11-13,2214.398,140.952,241.12297916666668,6.4534722222222225,978.0,4933.0,11076.0,37.75,8.0,2.833,0.0,0.0,5.410582
2007-11-14,2047.994,141.59,239.9460277777778,5.9406944444444445,1055.0,295.0,16345.0,37.75,8.0,2.833,0.0,0.0,1.1022499
2007-11-15,1491.988,133.066,239.98499305555558,4.396388888888889,1606.0,571.0,7503.0,37.75,8.0,2.833,0.0,0.0,-0.51233333
2007-11-16,2309.754,123.978,240.9835138888889,6.718055555555556,1991.0,4660.0,13564.0,37.75,8.0,2.833,0.0,0.0,-0.15191662
2007-11-17,2610.094,168.03,240.6034236111111,7.598888888888888,2588.0,2199.0,14990.0,37.75,8.0,2.833,0.0,0.0,0.4959998
2007-11-18,2183.858,161.762,242.26045833333333,6.3476388888888895,5201.0,2097.0,7066.0,37.75,8.0,2.833,0.0,0.0,5.7043324
2007-11-19,1723.654,112.03,242.76635416666664,5.00625,1089.0,253.0,10750.0,37.75,8.0,2.833,0.0,0.0,8.9085
2007-11-20,2095.856,124.832,241.33882638888886,6.090416666666667,1015.0,3954.0,11026.0,37.75,8.0,2.833,0.0,0.0,10.110583
2007-11-21,1751.836,131.48,241.4967616400278,5.114940931202224,1139.0,549.0,9455.0,37.75,8.0,2.833,0.0,0.0,7.868916
2007-11-22,1932.378,143.108,241.5650486111111,5.65625,2867.0,297.0,9001.0,37.75,8.0,2.833,0.0,0.0,6.1043334
2007-11-23,2522.618,138.912,240.72236805555556,7.340694444444445,2168.0,6181.0,13685.0,37.75,8.0,2.833,0.0,0.0,3.0126667
2007-11-24,1899.054,150.512,241.80274305555557,5.512638888888889,1573.0,4131.0,13451.0,37.75,8.0,2.833,0.0,0.0,7.1147494
2007-11-25,1395.598,122.776,242.66115972222224,4.086666666666667,3556.0,279.0,5678.0,37.75,8.0,2.833,0.0,0.0,5.7168326
2007-11-26,1569.716,117.05,241.11649305555557,4.601388888888889,1088.0,288.0,8926.0,37.75,8.0,2.833,0.0,0.0,4.1105833
2007-11-27,2801.012,139.994,241.32109722222222,8.15625,1063.0,11020.0,15111.0,37.75,8.0,2.833,0.0,0.0,1.1918333
2007-11-28,1644.94,115.44200000000001,242.89480555555556,4.775555555555556,1182.0,769.0,7810.0,37.75,8.0,2.833,0.0,0.0,5.598083
2007-11-29,1719.23,118.71,242.73104239054896,5.018485059068798,2031.0,283.0,8818.0,37.75,8.0,2.833,0.0,0.0,6.204333
2007-11-30,2331.728,147.28,243.48774999999998,6.757222222222222,0.0,7941.0,13601.0,37.75,8.0,2.833,0.0,0.0,8.560583
2007-12-01,3134.942,288.892,240.2660833333333,9.191527777777777,9356.0,353.0,17847.0,53.283,9.167,4.333,1.167,0.0,9.6585
2007-12-02,2946.188,325.082,240.73000694444445,8.618611111111111,2090.0,6915.0,10636.0,53.283,9.167,4.333,1.167,0.0,8.562666
2007-12-03,1762.06,131.914,241.07959027777775,5.165555555555556,1141.0,299.0,10428.0,53.283,9.167,4.333,1.167,0.0,8.43975
2007-12-04,2067.636,145.016,241.53597916666666,6.045138888888889,1012.0,5828.0,8561.0,53.283,9.167,4.333,1.167,0.0,10.687665
2007-12-05,2153.12,178.398,241.22788194444445,6.348194444444444,3422.0,295.0,10919.0,53.283,9.167,4.333,1.167,0.0,10.335584
2007-12-06,2487.934,161.936,239.7100972222222,7.337916666666667,4751.0,318.0,11908.0,53.283,9.167,4.333,1.167,0.0,10.487666
2007-12-07,1769.016,147.64,240.6710486111111,5.157916666666666,459.0,3710.0,10263.0,53.283,9.167,4.333,1.167,0.0,6.00225
2007-12-08,2213.404,154.34,239.55993055555555,6.508055555555556,1133.0,2354.0,12283.0,53.283,9.167,4.333,1.167,0.0,8.198083
2007-12-09,2274.584,200.936,239.9150763888889,6.701527777777779,4176.0,2428.0,8728.0,53.283,9.167,4.333,1.167,0.0,6.6210003
2007-12-10,1758.754,125.012,241.90383333333335,5.174583333333333,1102.0,278.0,8281.0,53.283,9.167,4.333,1.167,0.0,4.8314166
2007-12-11,2305.104,133.698,241.4602361111111,6.7122222222222225,1050.0,3817.0,12740.0,53.283,9.167,4.333,1.167,0.0,1.7001668
2007-12-12,1588.062,116.886,242.47632638888888,4.591111111111111,1152.0,254.0,7759.0,53.283,9.167,4.333,1.167,0.0,3.0564167
2007-12-13,1847.746,111.49,241.82734027777778,5.419583333333334,1103.0,1448.0,8911.0,53.283,9.167,4.333,1.167,0.0,2.3647501
2007-12-14,1974.808,179.55,241.9859236111111,5.757777777777778,980.0,3849.0,12941.0,53.283,9.167,4.333,1.167,0.0,-0.44358346
2007-12-15,2736.876,157.626,241.28064583333332,7.98,1706.0,3687.0,14313.0,53.283,9.167,4.333,1.167,0.0,-1.4810838
2007-12-16,2762.218,126.938,242.6849861111111,7.992222222222222,3410.0,2281.0,12929.0,53.283,9.167,4.333,1.167,0.0,-1.1456666
2007-12-17,1797.066,105.098,242.62575399583045,5.189437109103545,1636.0,243.0,10567.0,53.283,9.167,4.333,1.167,0.0,-2.3477502
2007-12-18,2623.194,144.08,242.93998611111112,7.602083333333334,1123.0,5810.0,11093.0,53.283,9.167,4.333,1.167,0.0,-2.9206667
2007-12-19,2196.052,109.336,242.70109722222224,6.334444444444444,1233.0,2658.0,11679.0,53.283,9.167,4.333,1.167,0.0,-2.804
2007-12-20,1949.758,119.434,243.16793750000002,5.613333333333333,1859.0,276.0,13592.0,53.283,9.167,4.333,1.167,0.0,-1.3852502
2007-12-21,1982.576,106.47,242.88163194444445,5.713749999999999,1191.0,200.0,12251.0,53.283,9.167,4.333,1.167,0.0,-0.67483336
2007-12-22,2611.264,141.314,242.14553472222224,7.593472222222222,3819.0,4550.0,12673.0,53.283,9.167,4.333,1.167,0.0,0.49391648
2007-12-23,2409.048,176.272,242.5579375,6.982777777777779,1971.0,3091.0,11962.0,53.283,9.167,4.333,1.167,0.0,-0.5331667
2007-12-24,2257.848,149.754,242.6504236111111,6.549722222222223,2985.0,2316.0,14350.0,53.283,9.167,4.333,1.167,0.0,1.6147499
2007-12-25,2694.968,151.812,242.98086805555556,7.790972222222222,4588.0,3368.0,9084.0,53.283,9.167,4.333,1.167,0.0,3.4084997
2007-12-26,2580.28,140.314,242.39239583333332,7.426111111111111,1109.0,2773.0,9480.0,53.283,9.167,4.333,1.167,0.0,5.1355834
2007-12-27,2532.198,190.582,242.1116111111111,7.395833333333333,4122.0,1490.0,7960.0,53.283,9.167,4.333,1.167,0.0,5.873083
2007-12-28,3113.052,206.8,242.28447916666667,9.030555555555555,1980.0,8554.0,15823.0,53.283,9.167,4.333,1.167,0.0,6.0189166
2007-12-29,3298.956,199.892,240.55066666666667,9.56,4836.0,2434.0,14906.0,53.283,9.167,4.333,1.167,0.0,5.0314164
2007-12-30,2558.916,178.436,242.0991736111111,7.465694444444445,3595.0,3597.0,13485.0,53.283,9.167,4.333,1.167,0.0,3.600167
2007-12-31,2216.542,145.536,241.09479166666668,6.455,0.0,3457.0,14071.0,53.283,9.167,4.333,1.167,0.0,3.3647506
2008-01-01,2759.738,142.508,241.0366736111111,7.978611111111111,2461.0,2739.0,12355.0,55.36,10.4,3.2,2.0,0.2,0.40433332
2008-01-02,1644.106,111.666,242.41745138888888,4.770416666666667,0.0,3094.0,8987.0,55.36,10.4,3.2,2.0,0.2,2.1334999
2008-01-03,1510.108,121.182,243.0774583333333,4.401666666666666,1130.0,846.0,6671.0,55.36,10.4,3.2,2.0,0.2,6.61475
2008-01-04,2291.852,136.706,241.27338194444442,6.715138888888888,1241.0,5326.0,11752.0,55.36,10.4,3.2,2.0,0.2,8.318916
2008-01-05,2183.248,129.464,238.82294444444443,6.446805555555556,2113.0,286.0,14591.0,55.36,10.4,3.2,2.0,0.2,6.837667
2008-01-06,1825.184,116.958,239.40729166666668,5.390138888888889,1966.0,2445.0,7824.0,55.36,10.4,3.2,2.0,0.2,8.727249
2008-01-07,1695.814,116.172,240.74393750000002,4.915277777777778,1288.0,282.0,10294.0,55.36,10.4,3.2,2.0,0.2,5.775166
2008-01-08,2043.55,127.452,240.82180555555558,5.99,2197.0,3511.0,9793.0,55.36,10.4,3.2,2.0,0.2,7.0918336
2008-01-09,1788.44,125.336,241.2586388888889,5.231944444444444,1162.0,284.0,8963.0,55.36,10.4,3.2,2.0,0.2,7.141833
2008-01-10,1894.076,120.504,240.80713888888891,5.5945833333333335,1307.0,285.0,9992.0,55.36,10.4,3.2,2.0,0.2,8.954333
2008-01-11,1705.818,95.484,240.41004861111108,4.963472222222222,1261.0,290.0,7997.0,55.36,10.4,3.2,2.0,0.2,5.7209992
2008-01-12,2871.408,162.724,239.96018055555552,8.523888888888889,5594.0,2621.0,11116.0,55.36,10.4,3.2,2.0,0.2,5.5835
2008-01-13,2881.656,144.278,239.75119527449615,8.449339819318972,6505.0,340.0,9362.0,55.36,10.4,3.2,2.0,0.2,6.9064164
2008-01-14,2024.932,120.11,240.29900694444444,6.014583333333333,5918.0,339.0,9738.0,55.36,10.4,3.2,2.0,0.2,7.887667
2008-01-15,2686.912,113.144,240.7094861111111,7.891249999999999,782.0,6883.0,14512.0,55.36,10.4,3.2,2.0,0.2,6.829333
2008-01-16,2135.852,128.93,240.42214583333333,6.319583333333334,1162.0,3430.0,9391.0,55.36,10.4,3.2,2.0,0.2,7.400166
2008-01-17,1572.282,116.718,241.62799305555555,4.6450000000000005,1007.0,350.0,8657.0,55.36,10.4,3.2,2.0,0.2,10.104334
2008-01-18,2186.988,119.29,239.93293055555554,6.432222222222222,1034.0,846.0,14983.0,55.36,10.4,3.2,2.0,0.2,11.450168
2008-01-19,1980.306,134.982,239.60592361111114,5.828888888888889,2521.0,6054.0,8015.0,55.36,10.4,3.2,2.0,0.2,9.7439165
2008-01-20,1740.368,138.614,239.94454166666668,5.148888888888889,1775.0,380.0,4940.0,55.36,10.4,3.2,2.0,0.2,8.435584
2008-01-21,1858.998,122.4,239.56475,5.519027777777778,0.0,376.0,10447.0,55.36,10.4,3.2,2.0,0.2,7.4022503
2008-01-22,2325.018,143.462,240.09477777777778,6.92875,4670.0,7640.0,7552.0,55.36,10.4,3.2,2.0,0.2,5.641833
2008-01-23,1882.308,107.984,240.90704861111112,5.520277777777777,1116.0,387.0,13359.0,55.36,10.4,3.2,2.0,0.2,7.6293335
2008-01-24,1645.022,104.306,240.77922916666668,4.887916666666667,1107.0,320.0,5935.0,55.36,10.4,3.2,2.0,0.2,2.40225
2008-01-25,2239.856,119.626,240.70544444444445,6.544027777777777,0.0,2421.0,11409.0,55.36,10.4,3.2,2.0,0.2,1.0335001
2008-01-26,2834.988,168.422,239.76020833333334,8.366666666666667,4925.0,311.0,15606.0,55.36,10.4,3.2,2.0,0.2,1.2064165
2008-01-27,2381.766,140.758,241.3036736111111,6.984861111111112,3725.0,3818.0,7367.0,55.36,10.4,3.2,2.0,0.2,0.33766666
2008-01-28,2308.196,107.836,240.46677777777776,6.769583333333334,1142.0,280.0,12792.0,55.36,10.4,3.2,2.0,0.2,1.8189164
2008-01-29,2676.024,117.176,240.62310416666668,7.8422222222222215,1487.0,6199.0,11077.0,55.36,10.4,3.2,2.0,0.2,1.6584998
2008-01-30,1640.646,116.47,241.61465277777776,4.826388888888889,0.0,261.0,7261.0,55.36,10.4,3.2,2.0,0.2,2.096
2008-01-31,1953.922,137.576,241.88574999999997,5.793333333333333,1165.0,267.0,9437.0,55.36,10.4,3.2,2.0,0.2,5.321
2008-02-01,1534.652,179.25,240.36027083333332,4.5176388888888885,336.0,280.0,7241.0,27.933,7.833,1.667,0.833,0.0,2.0251665
2008-02-02,2936.034,230.968,240.29051424600416,8.649478804725504,6247.0,2764.0,15188.0,27.933,7.833,1.667,0.833,0.0,2.63975
2008-02-03,2084.568,153.708,240.34072222222224,6.135694444444444,2319.0,4435.0,8452.0,27.933,7.833,1.667,0.833,0.0,6.1897492
2008-02-04,1628.138,104.034,240.25520833333334,4.777222222222222,1161.0,252.0,9531.0,27.933,7.833,1.667,0.833,0.0,7.9772496
2008-02-05,2472.456,152.786,240.97691666666668,7.2105555555555565,1098.0,7803.0,13717.0,27.933,7.833,1.667,0.833,0.0,9.4314165
2008-02-06,1669.54,114.26,238.41371527777778,4.9336111111111105,2114.0,356.0,8428.0,27.933,7.833,1.667,0.833,0.0,3.541833
2008-02-07,1518.31,108.706,241.07054861111112,4.439305555555555,0.0,295.0,8089.0,27.933,7.833,1.667,0.833,0.0,4.6126666
2008-02-08,1950.564,119.094,240.43311805555555,5.747222222222222,940.0,1921.0,9563.0,27.933,7.833,1.667,0.833,0.0,4.2564163
2008-02-09,2102.276,144.528,241.76450694444446,6.09,2050.0,2838.0,10293.0,27.933,7.833,1.667,0.833,0.0,3.1105833
2008-02-10,2184.714,151.736,241.2752013888889,6.396805555555555,2562.0,2955.0,10128.0,27.933,7.833,1.667,0.833,0.0,4.421
2008-02-11,1692.016,102.246,241.69219444444445,4.931805555555556,1018.0,297.0,8930.0,27.933,7.833,1.667,0.833,0.0,4.4085
2008-02-12,1987.798,130.946,239.50915277777779,5.847083333333333,2009.0,1856.0,12138.0,27.933,7.833,1.667,0.833,0.0,4.185583
2008-02-13,1900.498,128.478,241.20309722222223,5.5801388888888885,2530.0,3615.0,7568.0,27.933,7.833,1.667,0.833,0.0,2.1939166
2008-02-14,1604.622,113.646,240.76481944444447,4.68375,1300.0,291.0,9299.0,27.933,7.833,1.667,0.833,0.0,1.95225
2008-02-15,2005.208,107.952,241.89060416666663,5.78125,1109.0,1723.0,13417.0,27.933,7.833,1.667,0.833,0.0,0.91058344
2008-02-16,2346.948,138.994,241.08755555555555,6.893888888888889,1076.0,2360.0,11599.0,27.933,7.833,1.667,0.833,0.0,0.8751665
2008-02-17,1933.368,120.07600000000001,242.46983333333333,5.654444444444445,3182.0,2257.0,6049.0,27.933,7.833,1.667,0.833,0.0,1.45225
2008-02-18,1514.404,101.972,242.06393055555554,4.37625,0.0,251.0,10345.0,27.933,7.833,1.667,0.833,0.0,2.9022496
2008-02-19,2126.916,137.568,241.01013194444445,6.219722222222222,1881.0,4711.0,11200.0,27.933,7.833,1.667,0.833,0.0,6.591833
2008-02-20,2253.79,190.268,241.66968749999998,6.608333333333333,3655.0,5516.0,7704.0,27.933,7.833,1.667,0.833,0.0,8.129333
2008-02-21,1633.85,112.274,240.7503888888889,4.788472222222222,0.0,307.0,8523.0,27.933,7.833,1.667,0.833,0.0,9.818915
2008-02-22,1732.564,121.688,241.43576388888889,5.055277777777778,1167.0,1985.0,10101.0,27.933,7.833,1.667,0.833,0.0,8.846
2008-02-23,1833.97,132.504,239.67264255910987,5.411543810848401,1684.0,2250.0,10040.0,27.933,7.833,1.667,0.833,0.0,7.937666
2008-02-24,1263.008,107.332,240.37779861111113,3.638888888888889,754.0,332.0,11447.0,27.933,7.833,1.667,0.833,0.0,10.012667
2008-02-25,504.488,91.72,239.77600694444445,1.4555555555555555,0.0,321.0,1856.0,27.933,7.833,1.667,0.833,0.0,9.445999
2008-02-26,507.12,84.59,239.5333263888889,1.4590277777777778,0.0,295.0,2013.0,27.933,7.833,1.667,0.833,0.0,7.5376663
2008-02-27,566.72,86.168,239.5540208333333,1.6341666666666665,0.0,326.0,2969.0,27.933,7.833,1.667,0.833,0.0,8.679333
2008-02-28,509.18399999999997,83.248,239.80427083333336,1.4669444444444446,0.0,281.0,2028.0,27.933,7.833,1.667,0.833,0.0,10.7439165
2008-02-29,1333.348,88.948,238.03849305555556,3.872638888888889,0.0,3773.0,8062.0,27.933,7.833,1.667,0.833,0.0,10.881416
2008-03-01,1141.876,105.158,239.4315138888889,3.277638888888889,0.0,1287.0,2724.0,84.383,18.333,6.833,1.333,0.0,9.791832
2008-03-02,1162.226,144.71,239.74624305555557,3.425,0.0,5244.0,2565.0,84.383,18.333,6.833,1.333,0.0,8.446
2008-03-03,1040.55,114.334,240.3519861111111,2.9775,0.0,2207.0,1755.0,84.383,18.333,6.833,1.333,0.0,4.4564166
2008-03-04,1668.99,108.958,241.02641666666665,4.867638888888889,1249.0,2443.0,9415.0,84.383,18.333,6.833,1.333,0.0,3.00225
2008-03-05,2037.208,140.898,241.06524305555556,5.970833333333333,1145.0,9797.0,5529.0,84.383,18.333,6.833,1.333,0.0,4.0959997
2008-03-06,2503.208,106.184,240.4292291666667,7.214583333333334,1082.0,372.0,6965.0,84.383,18.333,6.833,1.333,0.0,6.560583
2008-03-07,1862.956,129.392,240.81606944444445,5.441666666666666,1235.0,3471.0,9033.0,84.383,18.333,6.833,1.333,0.0,5.7501664
2008-03-08,2248.66,237.08,241.59095138888887,6.588333333333334,6286.0,346.0,8435.0,84.383,18.333,6.833,1.333,0.0,7.575167
2008-03-09,1560.458,135.574,240.74638194444444,4.591111111111111,2607.0,333.0,4155.0,84.383,18.333,6.833,1.333,0.0,5.6980834
2008-03-10,1618.686,127.124,241.72734722222222,4.7125,2009.0,368.0,8660.0,84.383,18.333,6.833,1.333,0.0,9.260583
2008-03-11,2200.042,151.1,240.4241527777778,6.466944444444445,1271.0,3901.0,12936.0,84.383,18.333,6.833,1.333,0.0,9.6189165
2008-03-12,1774.232,138.194,241.05720833333334,5.1722222222222225,1120.0,2374.0,11042.0,84.383,18.333,6.833,1.333,0.0,7.743915
2008-03-13,1675.514,128.474,240.802625,4.941666666666666,3263.0,3590.0,5464.0,84.383,18.333,6.833,1.333,0.0,10.6814165
2008-03-14,2210.22,159.748,240.62736805555554,6.44625,980.0,3881.0,14476.0,84.383,18.333,6.833,1.333,0.0,11.389749
2008-03-15,1576.3,154.412,240.19799305555554,4.6506944444444445,2550.0,502.0,5910.0,84.383,18.333,6.833,1.333,0.0,9.604333
2008-03-16,1801.96,173.652,241.29466666666667,5.298333333333334,2394.0,566.0,11286.0,84.383,18.333,6.833,1.333,0.0,6.912666
2008-03-17,1706.9180000000001,175.274,240.8052291666667,5.006944444444445,236.0,6651.0,9346.0,84.383,18.333,6.833,1.333,0.0,3.9897497
2008-03-18,1917.566,147.44,241.9289861111111,5.571944444444445,1156.0,4019.0,12544.0,84.383,18.333,6.833,1.333,0.0,3.6355836
2008-03-19,1308.448,142.498,242.40221527777777,3.825555555555556,2110.0,411.0,6154.0,84.383,18.333,6.833,1.333,0.0,4.0355835
2008-03-20,1253.2740000000001,120.854,241.76258333333334,3.6595833333333334,1107.0,478.0,6670.0,84.383,18.333,6.833,1.333,0.0,6.8564167
2008-03-21,2066.442,223.824,241.36990972222222,6.038194444444445,2171.0,4778.0,13275.0,84.383,18.333,6.833,1.333,0.0,4.1251664
2008-03-22,2053.516,185.68,241.61215277777777,6.020277777777778,3322.0,588.0,12405.0,84.383,18.333,6.833,1.333,0.0,2.1564167
2008-03-23,2325.99,152.446,242.65262500000003,6.790555555555556,6279.0,2112.0,13878.0,84.383,18.333,6.833,1.333,0.0,2.9251664
2008-03-24,1974.6680000000001,131.05,242.70725503822098,5.757887421820709,1131.0,5988.0,7008.0,84.383,18.333,6.833,1.333,0.0,3.0855834
2008-03-25,2015.856,127.832,242.1382152777778,5.870555555555556,2246.0,3677.0,13494.0,84.383,18.333,6.833,1.333,0.0,6.148083
2008-03-26,1633.472,133.598,242.8097986111111,4.763055555555556,2547.0,3831.0,7547.0,84.383,18.333,6.833,1.333,0.0,6.3835006
2008-03-27,1370.8220000000001,116.44,242.0955416666667,3.9608333333333334,0.0,356.0,9022.0,84.383,18.333,6.833,1.333,0.0,5.193917
2008-03-28,1885.424,137.64,242.32334027777776,5.479027777777778,2325.0,3605.0,11581.0,84.383,18.333,6.833,1.333,0.0,8.079333
2008-03-29,2471.15,175.068,241.2535486111111,7.209305555555555,5153.0,375.0,17240.0,84.383,18.333,6.833,1.333,0.0,9.500165
2008-03-30,2146.392,175.97,241.16375694444443,6.2775,5045.0,1315.0,9769.0,84.383,18.333,6.833,1.333,0.0,8.0835
2008-03-31,1377.57,130.86,242.72704166666668,4.005972222222223,1091.0,411.0,9387.0,84.383,18.333,6.833,1.333,0.0,8.156417
2008-04-01,2129.052,170.396,241.61580555555557,6.202500000000001,1079.0,6657.0,14515.0,59.833,13.0,4.667,0.833,0.0,8.839749
2008-04-02,1691.672,142.54,238.66715972222224,5.007638888888889,1106.0,3674.0,7989.0,59.833,13.0,4.667,0.833,0.0,10.112666
2008-04-03,1128.756,121.236,240.69424305555557,3.2808333333333333,0.0,422.0,6901.0,59.833,13.0,4.667,0.833,0.0,7.9189167
2008-04-04,1631.918,125.306,241.33105555555554,4.726388888888889,2133.0,775.0,13246.0,59.833,13.0,4.667,0.833,0.0,8.000165
2008-04-05,1970.762,203.684,240.55802777777777,5.784861111111112,2929.0,874.0,13644.0,59.833,13.0,4.667,0.833,0.0,3.935583
2008-04-06,1696.318,150.572,241.14960416666665,4.946388888888889,1124.0,2615.0,7552.0,59.833,13.0,4.667,0.833,0.0,3.575167
2008-04-07,1538.838,141.28,243.2283263888889,4.484166666666667,2420.0,672.0,9466.0,59.833,13.0,4.667,0.833,0.0,4.487667
2008-04-08,2657.516,184.176,242.06658333333334,7.6994444444444445,2752.0,10713.0,17519.0,59.833,13.0,4.667,0.833,0.0,5.212666
2008-04-09,1218.852,132.864,242.31770833333334,3.5229166666666667,0.0,376.0,9003.0,59.833,13.0,4.667,0.833,0.0,5.8626657
2008-04-10,1477.746,163.68,241.94904861111112,4.305416666666667,3261.0,457.0,6527.0,59.833,13.0,4.667,0.833,0.0,7.9335003
2008-04-11,1877.664,143.89,240.758375,5.452638888888889,1802.0,491.0,14522.0,59.833,13.0,4.667,0.833,0.0,8.0460005
2008-04-12,2800.014,392.272,241.0631736111111,8.218194444444444,7076.0,2499.0,15225.0,59.833,13.0,4.667,0.833,0.0,8.477249
2008-04-13,2232.986,213.514,240.4233263888889,6.551805555555556,2554.0,5942.0,13007.0,59.833,13.0,4.667,0.833,0.0,7.410583
2008-04-14,1589.5819999999999,154.958,242.31405555555554,4.604305555555555,0.0,425.0,11197.0,59.833,13.0,4.667,0.833,0.0,6.5501657
2008-04-15,1670.406,178.782,241.23874305555555,4.909583333333334,1174.0,3998.0,9874.0,59.833,13.0,4.667,0.833,0.0,5.9751663
2008-04-16,1489.064,125.904,241.74438888888886,4.316111111111111,838.0,403.0,11322.0,59.833,13.0,4.667,0.833,0.0,6.706417
2008-04-17,1395.862,145.878,241.40359722222223,4.104305555555555,1719.0,417.0,8638.0,59.833,13.0,4.667,0.833,0.0,10.214749
2008-04-18,1862.39,184.646,240.6415763888889,5.457638888888889,2174.0,3832.0,10921.0,59.833,13.0,4.667,0.833,0.0,11.096
2008-04-19,2253.71,245.284,241.14318055555555,6.636111111111111,4319.0,2457.0,14722.0,59.833,13.0,4.667,0.833,0.0,11.060582
2008-04-20,1791.418,227.854,241.43287500000002,5.260555555555555,1030.0,4544.0,10401.0,59.833,13.0,4.667,0.833,0.0,12.116833
2008-04-21,1164.156,175.4,241.99249305555557,3.404166666666667,0.0,2673.0,6788.0,59.833,13.0,4.667,0.833,0.0,11.825168
2008-04-22,1627.676,193.15,240.95971527777778,4.7725,971.0,5093.0,10603.0,59.833,13.0,4.667,0.833,0.0,11.620999
2008-04-23,1357.328,189.502,241.51134027777778,3.9675,1380.0,492.0,8406.0,59.833,13.0,4.667,0.833,0.0,10.787666
2008-04-24,1043.772,171.924,240.60532638888887,3.0580555555555557,1263.0,522.0,5296.0,59.833,13.0,4.667,0.833,0.0,11.141834
2008-04-25,1267.734,162.224,241.00715277777778,3.7,824.0,2004.0,9400.0,59.833,13.0,4.667,0.833,0.0,12.483501
2008-04-26,903.166,168.696,240.79256249999997,2.634027777777778,0.0,634.0,3586.0,59.833,13.0,4.667,0.833,0.0,15.725163
2008-04-27,1008.24,198.118,240.90728472222222,2.96375,693.0,588.0,5488.0,59.833,13.0,4.667,0.833,0.0,12.3168335
2008-04-28,659.052,167.118,240.97845833333332,1.9506944444444445,0.0,621.0,2786.0,59.833,13.0,4.667,0.833,0.0,9.375167
2008-04-29,1972.616,215.356,240.70690277777777,5.770694444444444,1402.0,5411.0,10481.0,59.833,13.0,4.667,0.833,0.0,10.654332
2008-04-30,1101.7259999999999,171.556,241.43364583333334,3.218611111111111,1057.0,590.0,6653.0,59.833,13.0,4.667,0.833,0.0,9.870999
2008-05-01,576.014,150.696,241.4462638888889,1.7023611111111112,0.0,530.0,2586.0,69.95,8.5,4.5,1.667,0.0,10.98975
2008-05-02,1497.768,205.568,241.64894444444442,4.377777777777778,3114.0,584.0,8687.0,69.95,8.5,4.5,1.667,0.0,14.821002
2008-05-03,1289.6,202.004,240.8336875,3.8009722222222218,996.0,541.0,6535.0,69.95,8.5,4.5,1.667,0.0,15.937664
2008-05-04,1470.97,209.422,241.38047916666667,4.3625,2196.0,2872.0,5464.0,69.95,8.5,4.5,1.667,0.0,15.1335
2008-05-05,1366.932,185.75,240.73685416666666,3.997777777777778,1008.0,378.0,10197.0,69.95,8.5,4.5,1.667,0.0,15.668918
2008-05-06,1789.98,199.596,240.29031944444444,5.245972222222222,1354.0,5410.0,12200.0,69.95,8.5,4.5,1.667,0.0,17.077248
2008-05-07,1176.264,190.956,241.0812638888889,3.4575,1030.0,423.0,6649.0,69.95,8.5,4.5,1.667,0.0,17.88558
2008-05-08,2116.698,253.244,239.85129166666667,6.178472222222222,3667.0,702.0,12717.0,69.95,8.5,4.5,1.667,0.0,18.416832
2008-05-09,1747.272,229.874,240.47122222222222,5.136111111111111,2229.0,423.0,11904.0,69.95,8.5,4.5,1.667,0.0,18.73558
2008-05-10,1909.128,289.814,240.08622916666667,5.636388888888889,6950.0,612.0,11714.0,69.95,8.5,4.5,1.667,0.0,18.14183
2008-05-11,1610.92,275.702,240.48559722222222,4.804166666666666,563.0,1340.0,6930.0,69.95,8.5,4.5,1.667,0.0,17.777246
2008-05-12,1524.204,229.14,241.041625,4.519444444444445,2082.0,1085.0,11959.0,69.95,8.5,4.5,1.667,0.0,17.78975
2008-05-13,1476.894,236.468,240.3740625,4.391805555555555,823.0,4089.0,8370.0,69.95,8.5,4.5,1.667,0.0,17.579332
2008-05-14,1584.262,277.374,240.7085138888889,4.713333333333333,2467.0,3436.0,9716.0,69.95,8.5,4.5,1.667,0.0,15.748081
2008-05-15,1162.768,237.724,240.35039583333335,3.5220833333333337,868.0,570.0,6820.0,69.95,8.5,4.5,1.667,0.0,15.291833
2008-05-16,1648.03,235.202,239.6202433936022,4.9222531293463145,2228.0,2565.0,8955.0,69.95,8.5,4.5,1.667,0.0,14.596
2008-05-17,1657.454,275.896,239.4728611111111,4.951527777777778,2158.0,935.0,12472.0,69.95,8.5,4.5,1.667,0.0,12.558499
2008-05-18,1803.958,254.492,239.68268750000001,5.4094444444444445,1775.0,5355.0,8626.0,69.95,8.5,4.5,1.667,0.0,12.198082
2008-05-19,1030.262,175.736,240.43187500000002,3.0694444444444446,1014.0,558.0,7503.0,69.95,8.5,4.5,1.667,0.0,12.425166
2008-05-20,1581.334,184.082,241.01960416666665,4.682222222222222,1352.0,2431.0,11977.0,69.95,8.5,4.5,1.667,0.0,14.131415
2008-05-21,1324.112,190.326,240.7605138888889,3.9166666666666665,1989.0,474.0,9251.0,69.95,8.5,4.5,1.667,0.0,14.933499
2008-05-22,976.868,169.816,239.50019444444447,2.9559722222222224,996.0,440.0,6475.0,69.95,8.5,4.5,1.667,0.0,15.727249
2008-05-23,1484.916,178.958,239.49885416666666,4.358611111111111,0.0,1390.0,14734.0,69.95,8.5,4.5,1.667,0.0,16.720999
2008-05-24,1580.176,285.55,240.72490277777777,4.669027777777777,1027.0,569.0,12833.0,69.95,8.5,4.5,1.667,0.0,16.231415
2008-05-25,2048.504,290.416,239.94564583333332,6.136527777777778,4307.0,8811.0,6016.0,69.95,8.5,4.5,1.667,0.0,16.98558
2008-05-26,1289.71,220.698,240.36368750000003,3.9297222222222223,985.0,666.0,9284.0,69.95,8.5,4.5,1.667,0.0,15.762666
2008-05-27,1708.7,207.466,239.39086805555553,5.1073611111111115,0.0,5352.0,11478.0,69.95,8.5,4.5,1.667,0.0,17.250166
2008-05-28,1114.372,235.644,241.32269444444444,3.3505555555555557,3138.0,512.0,6709.0,69.95,8.5,4.5,1.667,0.0,16.235582
2008-05-29,1135.076,186.832,237.67515972222222,3.4756944444444446,1004.0,507.0,8703.0,69.95,8.5,4.5,1.667,0.0,16.891832
2008-05-30,1397.244,182.218,240.55369444444446,4.202916666666667,0.0,3019.0,11298.0,69.95,8.5,4.5,1.667,0.0,15.968915
2008-05-31,1641.47,249.924,240.65420138888888,4.923055555555555,1764.0,2328.0,11858.0,69.95,8.5,4.5,1.667,0.0,16.496002
2008-06-01,1848.876,225.34,240.62318055555556,5.423194444444444,1906.0,545.0,11307.0,17.167,5.167,0.667,0.0,0.0,17.831415
2008-06-02,1074.012,165.158,236.369875,3.2180555555555554,960.0,558.0,6341.0,17.167,5.167,0.667,0.0,0.0,16.025167
2008-06-03,1597.816,173.938,234.15220833333333,4.844166666666667,2897.0,2608.0,9265.0,17.167,5.167,0.667,0.0,0.0,14.408501
2008-06-04,1588.912,152.404,234.70647222222223,4.8277777777777775,1550.0,7682.0,6508.0,17.167,5.167,0.667,0.0,0.0,15.091834
2008-06-05,1120.078,153.106,235.16382638888888,3.3976388888888893,1747.0,506.0,8781.0,17.167,5.167,0.667,0.0,0.0,13.581417
2008-06-06,1217.714,174.52,239.7169375,3.6720833333333336,1009.0,506.0,7871.0,17.167,5.167,0.667,0.0,0.0,13.579334
2008-06-07,1882.484,186.414,238.98444444444442,5.531944444444444,2379.0,2611.0,14593.0,17.167,5.167,0.667,0.0,0.0,15.310584
2008-06-08,1542.322,188.384,239.96493750000002,4.596111111111111,2536.0,3161.0,9732.0,17.167,5.167,0.667,0.0,0.0,18.821001
2008-06-09,1325.698,183.64,239.43468055555556,4.039722222222222,1967.0,2085.0,7921.0,17.167,5.167,0.667,0.0,0.0,19.82725
2008-06-10,1067.09,216.018,239.97804861111112,3.204861111111111,907.0,585.0,8992.0,17.167,5.167,0.667,0.0,0.0,16.900167
2008-06-11,1123.206,214.372,240.1544722222222,3.388472222222222,977.0,842.0,7566.0,17.167,5.167,0.667,0.0,0.0,13.496002
2008-06-12,1259.332,189.292,239.69002083333334,3.7993055555555557,1951.0,567.0,7246.0,17.167,5.167,0.667,0.0,0.0,12.429334
2008-06-13,1874.28,281.816,238.88760250173732,5.60597637248089,2809.0,7358.0,10531.0,17.167,5.167,0.667,0.0,0.0,13.902251
2008-06-14,1384.92,344.28000000000003,240.01449305555556,4.207777777777777,1862.0,1011.0,10681.0,17.167,5.167,0.667,0.0,0.0,13.579334
2008-06-15,2289.102,281.00600000000003,239.45372916666668,6.773611111111111,6471.0,6802.0,11589.0,17.167,5.167,0.667,0.0,0.0,14.048085
2008-06-16,1303.044,204.382,240.43346527777777,3.9047222222222224,1980.0,464.0,10012.0,17.167,5.167,0.667,0.0,0.0,15.756415
2008-06-17,1145.084,175.464,240.35443055555555,3.4345833333333333,1080.0,432.0,10094.0,17.167,5.167,0.667,0.0,0.0,16.375166
2008-06-18,1893.608,272.724,239.73986805555555,5.711388888888889,7549.0,3040.0,12687.0,17.167,5.167,0.667,0.0,0.0,16.543917
2008-06-19,1588.0819999999999,189.418,239.2726875,4.737916666666667,3411.0,1514.0,10911.0,17.167,5.167,0.667,0.0,0.0,17.635584
2008-06-20,1676.104,227.42,239.9391875,5.008194444444444,2948.0,2935.0,12417.0,17.167,5.167,0.667,0.0,0.0,20.112667
2008-06-21,1734.254,239.028,239.46340972222222,5.134166666666666,940.0,5823.0,12828.0,17.167,5.167,0.667,0.0,0.0,21.410582
2008-06-22,1566.416,294.144,239.04411805555557,4.674027777777778,4705.0,1175.0,10652.0,17.167,5.167,0.667,0.0,0.0,16.737663
2008-06-23,1251.796,210.956,238.93765277777777,3.7919444444444443,2600.0,581.0,10124.0,17.167,5.167,0.667,0.0,0.0,20.304333
2008-06-24,1754.452,253.022,237.91538888888888,5.262222222222222,2779.0,3489.0,14271.0,17.167,5.167,0.667,0.0,0.0,20.560583
2008-06-25,1261.77,290.626,238.89490277777776,3.9109722222222225,2773.0,569.0,9402.0,17.167,5.167,0.667,0.0,0.0,17.912664
2008-06-26,1056.02,217.414,239.3514027777778,3.2111111111111112,921.0,572.0,8971.0,17.167,5.167,0.667,0.0,0.0,17.366833
2008-06-27,1755.152,262.008,238.9349861111111,5.236666666666666,4159.0,2372.0,10163.0,17.167,5.167,0.667,0.0,0.0,19.479334
2008-06-28,1208.8,210.954,239.14238194444445,3.6859722222222224,0.0,2000.0,7932.0,17.167,5.167,0.667,0.0,0.0,19.375166
2008-06-29,749.352,183.664,240.16064583333335,2.3311111111111114,955.0,535.0,3896.0,17.167,5.167,0.667,0.0,0.0,18.541832
2008-06-30,804.196,189.526,240.37611805555554,2.4791666666666665,0.0,521.0,6819.0,17.167,5.167,0.667,0.0,0.0,21.158499
2008-07-01,1215.24,277.788,239.5402916666667,3.74,3465.0,587.0,8390.0,38.017,5.5,2.333,0.833,0.0,20.243916
2008-07-02,1147.202,266.538,238.96197916666668,3.569583333333333,962.0,650.0,7002.0,38.017,5.5,2.333,0.833,0.0,17.298084
2008-07-03,1098.36,213.748,239.63549305555554,3.3431944444444444,958.0,2569.0,7410.0,38.017,5.5,2.333,0.833,0.0,16.339752
2008-07-04,942.02,188.132,240.1796527777778,2.8283333333333336,0.0,589.0,8302.0,38.017,5.5,2.333,0.833,0.0,18.002249
2008-07-05,1469.088,224.78,239.56477083333334,4.386527777777778,1875.0,6754.0,8365.0,38.017,5.5,2.333,0.833,0.0,16.929333
2008-07-06,1805.064,253.582,240.59022916666666,5.359444444444445,4258.0,5230.0,7536.0,38.017,5.5,2.333,0.833,0.0,15.898082
2008-07-07,983.39,202.81,239.63371527777778,2.968611111111111,2171.0,592.0,7149.0,38.017,5.5,2.333,0.833,0.0,16.1835
2008-07-08,1126.214,196.318,239.700625,3.371388888888889,991.0,503.0,7592.0,38.017,5.5,2.333,0.833,0.0,17.827251
2008-07-09,919.318,191.724,240.3295763888889,2.7752777777777777,951.0,499.0,7352.0,38.017,5.5,2.333,0.833,0.0,19.88975
2008-07-10,1251.276,240.242,239.86775694444444,3.7434722222222225,982.0,552.0,8186.0,38.017,5.5,2.333,0.833,0.0,18.081417
2008-07-11,1254.216,251.036,239.5169097222222,3.782222222222222,724.0,558.0,9251.0,38.017,5.5,2.333,0.833,0.0,16.406416
2008-07-12,1328.852,266.124,240.05927777777777,4.050416666666667,4436.0,2617.0,7231.0,38.017,5.5,2.333,0.833,0.0,14.8585005
2008-07-13,1253.754,166.908,240.29121696801113,3.769123783031989,1671.0,3164.0,7056.0,38.017,5.5,2.333,0.833,0.0,16.396
2008-07-14,1137.926,209.668,240.4941875,3.431666666666667,2564.0,1995.0,6436.0,38.017,5.5,2.333,0.833,0.0,18.618917
2008-07-15,1155.86,190.936,239.78144444444447,3.435694444444444,968.0,552.0,8585.0,38.017,5.5,2.333,0.833,0.0,18.141832
2008-07-16,1077.062,206.462,240.59338194444442,3.2368055555555557,1537.0,2799.0,4978.0,38.017,5.5,2.333,0.833,0.0,17.606417
2008-07-17,1319.122,239.506,239.91703472222224,4.026666666666666,1122.0,723.0,8280.0,38.017,5.5,2.333,0.833,0.0,17.862665
2008-07-18,1261.584,195.606,239.5771875,3.736944444444444,1143.0,552.0,9260.0,38.017,5.5,2.333,0.833,0.0,19.175165
2008-07-19,1344.014,208.03,239.15111805555554,4.019722222222222,2941.0,3146.0,7676.0,38.017,5.5,2.333,0.833,0.0,16.039751
2008-07-20,941.534,172.576,239.77769444444445,2.836388888888889,1943.0,1076.0,5457.0,38.017,5.5,2.333,0.833,0.0,15.75225
2008-07-21,1156.478,172.45,239.10169444444443,3.482083333333333,1698.0,431.0,9189.0,38.017,5.5,2.333,0.833,0.0,17.44808
2008-07-22,740.242,161.12800000000001,239.67030555555556,2.272638888888889,0.0,430.0,4886.0,38.017,5.5,2.333,0.833,0.0,19.556417
2008-07-23,942.63,162.392,240.09611805555554,2.8494444444444444,1233.0,454.0,6325.0,38.017,5.5,2.333,0.833,0.0,21.345999
2008-07-24,1093.45,185.882,239.8837638888889,3.2215277777777778,837.0,476.0,8344.0,38.017,5.5,2.333,0.833,0.0,21.6585
2008-07-25,865.534,182.714,239.0572152777778,2.618333333333333,1168.0,492.0,6731.0,38.017,5.5,2.333,0.833,0.0,20.521002
2008-07-26,815.684,213.318,240.02869444444445,2.4944444444444445,0.0,948.0,6243.0,38.017,5.5,2.333,0.833,0.0,21.854334
2008-07-27,1147.396,233.138,238.4711597222222,3.5125,1063.0,858.0,8385.0,38.017,5.5,2.333,0.833,0.0,23.63975
2008-07-28,825.804,198.514,239.99369444444443,2.5743055555555556,0.0,509.0,5963.0,38.017,5.5,2.333,0.833,0.0,20.737665
2008-07-29,1166.558,208.384,240.24888194444446,3.6408333333333336,1571.0,530.0,5802.0,38.017,5.5,2.333,0.833,0.0,23.204336
2008-07-30,1299.908,227.536,239.08559027777778,4.065138888888889,2548.0,773.0,6278.0,38.017,5.5,2.333,0.833,0.0,24.85225
2008-07-31,1392.638,243.476,240.09567361111112,4.231805555555556,1533.0,2808.0,7588.0,38.017,5.5,2.333,0.833,0.0,20.604332
2008-08-01,739.576,252.704,239.8054375,2.3279166666666664,586.0,1150.0,5091.0,64.28,6.4,3.0,1.8,0.0,18.391832
2008-08-02,505.776,178.294,239.12872916666666,1.5879166666666666,0.0,504.0,3803.0,64.28,6.4,3.0,1.8,0.0,19.76475
2008-08-03,504.782,166.052,237.0544375,1.5766666666666667,0.0,499.0,3926.0,64.28,6.4,3.0,1.8,0.0,19.771002
2008-08-04,1125.92,193.62,237.86346073662267,3.4172341904100065,596.0,4677.0,4410.0,64.28,6.4,3.0,1.8,0.0,20.32725
2008-08-05,827.118,180.248,238.73645833333333,2.5059722222222223,635.0,509.0,7118.0,64.28,6.4,3.0,1.8,0.0,23.421
2008-08-06,326.112,214.504,240.56582638888887,1.0904166666666666,0.0,513.0,2215.0,64.28,6.4,3.0,1.8,0.0,20.696
2008-08-07,334.884,214.94,239.3123263888889,1.1206944444444444,0.0,526.0,2357.0,64.28,6.4,3.0,1.8,0.0,18.1585
2008-08-08,302.2,196.448,239.45654166666665,1.0055555555555555,0.0,481.0,1980.0,64.28,6.4,3.0,1.8,0.0,18.950165
2008-08-09,358.924,199.99,240.71045833333332,1.1602777777777777,0.0,489.0,1902.0,64.28,6.4,3.0,1.8,0.0,19.006416
2008-08-10,352.032,189.106,240.2648888888889,1.1225,0.0,464.0,1905.0,64.28,6.4,3.0,1.8,0.0,18.362667
2008-08-11,371.916,187.62,240.7183263888889,1.1706944444444445,0.0,489.0,1880.0,64.28,6.4,3.0,1.8,0.0,19.121
2008-08-12,288.984,187.042,240.04828472222223,0.9534722222222223,0.0,462.0,1844.0,64.28,6.4,3.0,1.8,0.0,17.729336
2008-08-13,282.584,183.836,240.87151388888887,0.9315277777777778,0.0,451.0,1789.0,64.28,6.4,3.0,1.8,0.0,16.498083
2008-08-14,270.258,177.966,241.14088194444443,0.885,0.0,441.0,1641.0,64.28,6.4,3.0,1.8,0.0,16.121
2008-08-15,273.654,178.178,241.15816666666666,0.8959722222222223,0.0,439.0,1691.0,64.28,6.4,3.0,1.8,0.0,17.433498
2008-08-16,274.814,181.678,242.09534722222222,0.8994444444444445,0.0,442.0,1688.0,64.28,6.4,3.0,1.8,0.0,17.837666
2008-08-17,274.796,179.516,241.18345138888887,0.8977777777777778,0.0,445.0,1710.0,64.28,6.4,3.0,1.8,0.0,18.762667
2008-08-18,273.758,178.098,241.35584027777776,0.8943055555555556,0.0,440.0,1719.0,64.28,6.4,3.0,1.8,0.0,18.496
2008-08-19,274.692,180.622,240.8947361111111,0.9033333333333333,0.0,442.0,1697.0,64.28,6.4,3.0,1.8,0.0,18.012665
2008-08-20,268.472,178.064,241.54370833333334,0.8833333333333333,0.0,437.0,1626.0,64.28,6.4,3.0,1.8,0.0,18.314749
2008-08-21,261.298,168.972,240.29566666666668,0.8497222222222222,0.0,432.0,1577.0,64.28,6.4,3.0,1.8,0.0,16.25225
2008-08-22,267.124,174.654,240.88224305555556,0.8720833333333333,0.0,438.0,1614.0,64.28,6.4,3.0,1.8,0.0,15.48558
2008-08-23,254.642,169.422,242.14265972222222,0.8308333333333334,0.0,419.0,1485.0,64.28,6.4,3.0,1.8,0.0,15.781417
2008-08-24,254.716,163.91,241.61341666666667,0.8263888888888888,0.0,404.0,1523.0,64.28,6.4,3.0,1.8,0.0,17.543917
2008-08-25,250.298,163.87,241.47397222222224,0.8083333333333333,0.0,422.0,1436.0,64.28,6.4,3.0,1.8,0.0,19.191833
2008-08-26,257.564,166.566,241.11954861111113,0.8372222222222222,0.0,420.0,1533.0,64.28,6.4,3.0,1.8,0.0,18.768913
2008-08-27,258.114,165.872,240.57646527777777,0.8331944444444445,0.0,399.0,1539.0,64.28,6.4,3.0,1.8,0.0,17.57725
2008-08-28,268.246,174.098,240.54265277777776,0.875,0.0,432.0,1631.0,64.28,6.4,3.0,1.8,0.0,18.264751
2008-08-29,267.588,171.186,240.33545138888888,0.875,0.0,430.0,1599.0,64.28,6.4,3.0,1.8,0.0,20.600164
2008-08-30,270.424,177.552,240.51399305555557,0.88625,0.0,435.0,1619.0,64.28,6.4,3.0,1.8,0.0,20.827248
2008-08-31,1500.614,210.418,240.01763724808896,4.450312717164698,2056.0,3733.0,12117.0,64.28,6.4,3.0,1.8,0.0,18.400167
2008-09-01,1247.51,184.486,239.9159097222222,3.7325,950.0,521.0,10183.0,22.7,6.2,1.0,0.6,0.0,18.075165
2008-09-02,1384.154,224.634,239.3289652777778,4.141527777777778,4273.0,1206.0,6648.0,22.7,6.2,1.0,0.6,0.0,14.037665
2008-09-03,1388.486,179.288,240.0294583333333,4.118611111111111,1326.0,1902.0,10213.0,22.7,6.2,1.0,0.6,0.0,14.766833
2008-09-04,1225.22,151.87199999999999,238.66349305555556,3.6547222222222224,2225.0,404.0,9408.0,22.7,6.2,1.0,0.6,0.0,15.841832
2008-09-05,873.96,147.236,239.59059027777778,2.6055555555555556,379.0,431.0,6943.0,22.7,6.2,1.0,0.6,0.0,17.6335
2008-09-06,1868.574,238.292,239.33977777777778,5.524444444444445,2948.0,6500.0,13400.0,22.7,6.2,1.0,0.6,0.0,16.171001
2008-09-07,1372.656,176.444,240.58868750000002,4.080833333333333,3612.0,1707.0,5976.0,22.7,6.2,1.0,0.6,0.0,15.150166
2008-09-08,1309.324,160.574,241.3818263888889,3.8533333333333335,747.0,2293.0,9559.0,22.7,6.2,1.0,0.6,0.0,17.664751
2008-09-09,1159.654,180.67,239.78166666666664,3.4644444444444447,236.0,453.0,7728.0,22.7,6.2,1.0,0.6,0.0,19.13975
2008-09-10,1300.764,166.43,239.48058333333333,3.8575,1009.0,399.0,10281.0,22.7,6.2,1.0,0.6,0.0,19.337666
2008-09-11,1028.714,192.038,239.09980555555555,3.080277777777778,1005.0,417.0,7644.0,22.7,6.2,1.0,0.6,0.0,14.721002
2008-09-12,1392.762,178.298,239.9683125,4.144583333333333,1867.0,402.0,8738.0,22.7,6.2,1.0,0.6,0.0,13.468919
2008-09-13,1631.436,186.192,240.1245486111111,4.820138888888889,930.0,5433.0,11807.0,22.7,6.2,1.0,0.6,0.0,14.523084
2008-09-14,1576.326,193.746,239.8889861111111,4.734999999999999,4673.0,445.0,6538.0,22.7,6.2,1.0,0.6,0.0,12.287666
2008-09-15,1697.708,136.118,240.25590972222224,5.071805555555556,960.0,364.0,10322.0,22.7,6.2,1.0,0.6,0.0,12.670998
2008-09-16,1221.862,156.06,240.94875000000002,3.6193055555555556,0.0,368.0,8249.0,22.7,6.2,1.0,0.6,0.0,11.9626665
2008-09-17,1519.21,177.168,240.6566736111111,4.489722222222222,1910.0,3727.0,9371.0,22.7,6.2,1.0,0.6,0.0,11.437668
2008-09-18,1505.29,189.376,240.3271388888889,4.447361111111111,4202.0,357.0,7991.0,22.7,6.2,1.0,0.6,0.0,12.131416
2008-09-19,1518.846,166.768,240.3571111111111,4.47875,1569.0,351.0,12367.0,22.7,6.2,1.0,0.6,0.0,12.721
2008-09-20,1304.6,156.204,240.59411805555558,3.8055555555555554,0.0,370.0,12477.0,22.7,6.2,1.0,0.6,0.0,12.216832
2008-09-21,1533.07,206.262,240.94015972222223,4.560277777777778,4010.0,2381.0,8347.0,22.7,6.2,1.0,0.6,0.0,12.727252
2008-09-22,1358.564,151.524,240.2091597222222,4.012638888888889,1014.0,2448.0,10227.0,22.7,6.2,1.0,0.6,0.0,12.475166
2008-09-23,1232.788,165.12800000000001,240.18336111111108,3.6841666666666666,0.0,2168.0,7920.0,22.7,6.2,1.0,0.6,0.0,13.931416
2008-09-24,1718.35,173.472,240.1257916666667,5.031666666666667,2019.0,4730.0,10548.0,22.7,6.2,1.0,0.6,0.0,14.573082
2008-09-25,1131.22,173.77,240.2903263888889,3.34375,1012.0,751.0,8485.0,22.7,6.2,1.0,0.6,0.0,13.227249
2008-09-26,1431.45,211.572,240.39362500000001,4.239583333333333,1221.0,370.0,10890.0,22.7,6.2,1.0,0.6,0.0,13.143917
2008-09-27,2127.446,257.04,240.14647916666667,6.258611111111111,4347.0,2584.0,12688.0,22.7,6.2,1.0,0.6,0.0,12.683501
2008-09-28,1731.104,163.968,240.27841666666666,5.079583333333334,1920.0,385.0,11242.0,22.7,6.2,1.0,0.6,0.0,11.454334
2008-09-29,1501.738,199.432,240.26402083333335,4.4094444444444445,1014.0,363.0,10677.0,22.7,6.2,1.0,0.6,0.0,11.764749
2008-09-30,1375.006,155.092,240.58377083333335,4.0247222222222225,998.0,360.0,7415.0,22.7,6.2,1.0,0.6,0.0,13.989751
2008-10-01,1872.364,181.256,241.12861111111113,5.482083333333334,2249.0,5800.0,10808.0,65.82,11.6,4.6,2.2,0.0,11.12725
2008-10-02,1345.342,153.676,240.32824305555553,3.948611111111111,0.0,367.0,9060.0,65.82,11.6,4.6,2.2,0.0,8.508498
2008-10-03,1612.58,158.598,239.84200694444445,4.745694444444444,4801.0,349.0,9432.0,65.82,11.6,4.6,2.2,0.0,8.968916
2008-10-04,2100.496,216.2,240.1744027777778,6.144861111111111,3462.0,629.0,12573.0,65.82,11.6,4.6,2.2,0.0,12.462666
2008-10-05,1549.95,146.296,240.13754166666666,4.534166666666667,990.0,3257.0,6071.0,65.82,11.6,4.6,2.2,0.0,15.173083
2008-10-06,1423.782,125.204,239.1190763888889,4.216388888888889,990.0,286.0,9562.0,65.82,11.6,4.6,2.2,0.0,16.362667
2008-10-07,1726.568,187.234,238.85286805555555,5.166111111111111,1016.0,419.0,9476.0,65.82,11.6,4.6,2.2,0.0,13.762668
2008-10-08,1860.576,152.41,240.0490138888889,5.43125,1044.0,5126.0,11650.0,65.82,11.6,4.6,2.2,0.0,11.010583
2008-10-09,1983.682,181.9,239.2754236111111,5.812361111111111,1032.0,3064.0,11652.0,65.82,11.6,4.6,2.2,0.0,11.443917
2008-10-10,1518.338,148.044,239.63485416666666,4.436805555555556,0.0,389.0,12046.0,65.82,11.6,4.6,2.2,0.0,13.446002
2008-10-11,1669.386,154.848,239.18261805555554,4.905972222222222,2144.0,2335.0,11373.0,65.82,11.6,4.6,2.2,0.0,13.833499
2008-10-12,1907.94,161.806,240.15154166666665,5.615138888888889,2561.0,5822.0,7171.0,65.82,11.6,4.6,2.2,0.0,16.991833
2008-10-13,1461.9759999999999,147.894,240.80942361111113,4.254305555555556,1037.0,535.0,9483.0,65.82,11.6,4.6,2.2,0.0,14.435582
2008-10-14,1609.056,164.286,239.21572916666668,4.730138888888889,1177.0,442.0,9939.0,65.82,11.6,4.6,2.2,0.0,14.773084
2008-10-15,2156.896,168.462,239.5067916666667,6.328194444444445,1998.0,7042.0,9984.0,65.82,11.6,4.6,2.2,0.0,11.7585
2008-10-16,1583.68,136.84,239.26284722222223,4.66125,951.0,429.0,8438.0,65.82,11.6,4.6,2.2,0.0,9.614749
2008-10-17,1866.886,153.522,240.047625,5.475833333333333,2036.0,3187.0,9639.0,65.82,11.6,4.6,2.2,0.0,10.350167
2008-10-18,2239.19,162.62800000000001,239.83543055555558,6.547083333333333,799.0,1655.0,12146.0,65.82,11.6,4.6,2.2,0.0,10.393916
2008-10-19,1971.934,181.596,240.04254861111113,5.805277777777778,698.0,8010.0,4600.0,65.82,11.6,4.6,2.2,0.0,13.0355835
2008-10-20,1667.554,137.812,240.43249305555554,4.860277777777778,844.0,2648.0,10475.0,65.82,11.6,4.6,2.2,0.0,11.773086
2008-10-21,2063.716,152.344,239.7306875,6.080833333333333,857.0,2663.0,11331.0,65.82,11.6,4.6,2.2,0.0,9.112668
2008-10-22,1646.01,149.344,240.8157638888889,4.836944444444445,662.0,2542.0,8487.0,65.82,11.6,4.6,2.2,0.0,7.498083
2008-10-23,1830.494,161.208,240.39904166666668,5.374583333333333,815.0,1435.0,10587.0,65.82,11.6,4.6,2.2,0.0,8.160583
2008-10-24,2133.226,168.014,240.41369444444442,6.266944444444444,7893.0,2277.0,10284.0,65.82,11.6,4.6,2.2,0.0,11.141833
2008-10-25,1523.156,111.238,240.9600286327845,4.554760200429492,737.0,394.0,13433.0,65.82,11.6,4.6,2.2,0.0,11.533501
2008-10-26,523.492,115.53,242.12346527777777,1.4991666666666668,0.0,360.0,2013.0,65.82,11.6,4.6,2.2,0.0,10.998082
2008-10-27,523.892,128.978,242.22805555555558,1.5091666666666665,0.0,402.0,1967.0,65.82,11.6,4.6,2.2,0.0,5.856416
2008-10-28,1327.29,145.076,241.32679166666668,3.8531944444444446,2263.0,362.0,5090.0,65.82,11.6,4.6,2.2,0.0,4.3439164
2008-10-29,1612.576,133.282,241.78959722222223,4.604305555555555,1037.0,345.0,4015.0,65.82,11.6,4.6,2.2,0.0,3.8460007
2008-10-30,1098.6,123.028,242.08329166666667,3.2733333333333334,0.0,345.0,2619.0,65.82,11.6,4.6,2.2,0.0,5.131417
2008-10-31,1285.832,104.348,241.32977083333333,3.7663888888888892,0.0,312.0,10483.0,65.82,11.6,4.6,2.2,0.0,8.325168
2008-11-01,830.498,113.672,241.8102361111111,2.6256944444444446,0.0,344.0,1939.0,55.78,14.2,4.2,0.2,0.4,8.918917
2008-11-02,910.614,120.472,242.15574305555558,2.864027777777778,0.0,346.0,2824.0,55.78,14.2,4.2,0.2,0.4,11.085584
2008-11-03,847.6,115.248,241.76511805555558,2.665,963.0,347.0,1892.0,55.78,14.2,4.2,0.2,0.4,9.923082
2008-11-04,1562.316,121.476,240.80244444444446,4.6523611111111105,0.0,6214.0,4106.0,55.78,14.2,4.2,0.2,0.4,8.891833
2008-11-05,3134.93,257.82,239.48077083333334,9.239166666666666,7597.0,10409.0,8362.0,55.78,14.2,4.2,0.2,0.4,9.083499
2008-11-06,1588.438,181.468,240.39021527777777,4.726666666666667,1033.0,430.0,6734.0,55.78,14.2,4.2,0.2,0.4,8.693917
2008-11-07,1619.184,109.988,239.75178472222223,4.754583333333334,1032.0,389.0,10421.0,55.78,14.2,4.2,0.2,0.4,8.425167
2008-11-08,1733.138,133.168,239.30802777777777,5.104722222222223,1114.0,3271.0,6069.0,55.78,14.2,4.2,0.2,0.4,11.6918335
2008-11-09,2578.538,210.946,238.45406944444443,7.620972222222223,6301.0,661.0,14348.0,55.78,14.2,4.2,0.2,0.4,13.200165
2008-11-10,2091.88,155.49,239.65224546722456,6.177545327754533,1023.0,355.0,10285.0,55.78,14.2,4.2,0.2,0.4,10.860583
2008-11-11,2455.95,128.08,239.87869444444445,7.183333333333334,2475.0,2288.0,14651.0,55.78,14.2,4.2,0.2,0.4,7.3272495
2008-11-12,2186.494,158.816,240.38696105702365,6.348678720445062,1066.0,2712.0,9430.0,55.78,14.2,4.2,0.2,0.4,5.746
2008-11-13,1238.46,125.424,241.59792361111113,3.627222222222222,0.0,338.0,6315.0,55.78,14.2,4.2,0.2,0.4,7.7855835
2008-11-14,1621.738,127.894,241.02181944444445,4.7555555555555555,2092.0,325.0,9929.0,55.78,14.2,4.2,0.2,0.4,10.433499
2008-11-15,3031.628,165.16,238.63411805555555,8.963194444444444,3952.0,3799.0,15635.0,55.78,14.2,4.2,0.2,0.4,11.2022505
2008-11-16,2365.432,163.13,240.4941388888889,6.919027777777777,4791.0,1829.0,8945.0,55.78,14.2,4.2,0.2,0.4,8.166834
2008-11-17,1523.636,118.874,241.13493055555554,4.412083333333333,0.0,378.0,10590.0,55.78,14.2,4.2,0.2,0.4,8.673083
2008-11-18,1749.05,139.282,239.90204166666666,5.141805555555555,1079.0,369.0,11204.0,55.78,14.2,4.2,0.2,0.4,8.5355835
2008-11-19,1840.238,166.452,240.53961805555554,5.412916666666667,1737.0,3026.0,8704.0,55.78,14.2,4.2,0.2,0.4,9.9001665
2008-11-20,1692.336,121.19200000000001,239.81811805555557,4.984444444444445,1034.0,347.0,7732.0,55.78,14.2,4.2,0.2,0.4,9.2835
2008-11-21,1673.93,127.554,239.9283333333333,4.946527777777778,1039.0,348.0,10396.0,55.78,14.2,4.2,0.2,0.4,3.7647502
2008-11-22,1711.368,124.868,239.7318125,5.049583333333333,1093.0,882.0,8320.0,55.78,14.2,4.2,0.2,0.4,1.2939167
2008-11-23,3405.324,206.944,239.14946490618487,10.051146629603892,3631.0,8823.0,10272.0,55.78,14.2,4.2,0.2,0.4,3.8876665
2008-11-24,3212.998,121.618,240.3594861111111,9.285416666666666,1063.0,510.0,13378.0,55.78,14.2,4.2,0.2,0.4,1.9293332
2008-11-25,2702.85,150.564,240.93060416666668,7.823888888888889,3010.0,345.0,10471.0,55.78,14.2,4.2,0.2,0.4,2.8126662
2008-11-26,1515.954,119.996,242.40089583333332,4.356388888888889,909.0,304.0,10002.0,55.78,14.2,4.2,0.2,0.4,3.5564158
2008-11-27,2362.218,126.218,241.4400138888889,6.841111111111112,2491.0,330.0,12440.0,55.78,14.2,4.2,0.2,0.4,2.2230833
2008-11-28,1885.964,128.426,243.06651388888892,5.409583333333334,1113.0,295.0,11361.0,55.78,14.2,4.2,0.2,0.4,2.4418333
2008-11-29,2434.668,166.51,241.24075694444446,7.0536111111111115,5268.0,2392.0,12386.0,55.78,14.2,4.2,0.2,0.4,2.591833
2008-11-30,2401.388,170.904,242.3745625,6.955555555555556,1161.0,3481.0,11474.0,55.78,14.2,4.2,0.2,0.4,4.1876664
2008-12-01,1616.538,118.678,243.4458402777778,4.758472222222222,1085.0,309.0,9013.0,33.24,9.0,1.6,0.0,0.2,3.0751667
2008-12-02,1793.444,145.908,243.37936805555555,5.215138888888889,0.0,304.0,11343.0,33.24,9.0,1.6,0.0,0.2,4.6022496
2008-12-03,1755.164,124.722,243.38372916666668,5.069583333333333,1137.0,302.0,9664.0,33.24,9.0,1.6,0.0,0.2,3.3980834
2008-12-04,1738.638,113.99,243.46313888888886,5.02375,1085.0,281.0,11314.0,33.24,9.0,1.6,0.0,0.2,6.1147494
2008-12-05,2058.618,120.026,242.9759097222222,5.967638888888889,831.0,310.0,9852.0,33.24,9.0,1.6,0.0,0.2,5.560583
2008-12-06,2523.836,188.144,241.13656250000003,7.358333333333333,4005.0,5749.0,9048.0,33.24,9.0,1.6,0.0,0.2,2.266833
2008-12-07,2466.74,180.224,242.23854166666666,7.157361111111111,3294.0,310.0,13627.0,33.24,9.0,1.6,0.0,0.2,1.4980835
2008-12-08,1868.636,120.782,243.73161805555557,5.383194444444444,1117.0,296.0,13256.0,33.24,9.0,1.6,0.0,0.2,0.31891665
2008-12-09,2003.144,132.516,243.5556527777778,5.757638888888889,1985.0,2553.0,12886.0,33.24,9.0,1.6,0.0,0.2,0.9626666
2008-12-10,2111.02,137.006,243.50085401459853,6.369489051094891,1128.0,4144.0,10889.0,33.24,9.0,1.6,0.0,0.2,-0.27066678
2008-12-11,1432.522,114.916,243.41836111111112,4.121944444444445,1160.0,273.0,7979.0,33.24,9.0,1.6,0.0,0.2,-0.033166677
2008-12-12,1815.5339999999999,139.342,243.04302083333334,5.221666666666667,1157.0,255.0,12154.0,33.24,9.0,1.6,0.0,0.2,0.5043333
2008-12-13,1825.574,163.278,241.5385486111111,5.321805555555556,2186.0,261.0,9271.0,33.24,9.0,1.6,0.0,0.2,2.8355834
2008-12-14,2002.12,164.014,241.62279861111114,5.8815277777777775,3742.0,2497.0,5415.0,33.24,9.0,1.6,0.0,0.2,1.5189165
2008-12-15,1795.45,113.744,243.0392013888889,5.190972222222222,1178.0,252.0,9668.0,33.24,9.0,1.6,0.0,0.2,-0.006083332
2008-12-16,1797.09,114.598,243.87990277777777,5.192638888888888,0.0,253.0,11334.0,33.24,9.0,1.6,0.0,0.2,2.32725
2008-12-17,2098.786,136.216,243.3135138888889,6.080277777777778,4251.0,284.0,10813.0,33.24,9.0,1.6,0.0,0.2,4.037667
2008-12-18,1736.94,118.07,242.8590625,4.989305555555556,1125.0,258.0,11293.0,33.24,9.0,1.6,0.0,0.2,7.158499
2008-12-19,1882.112,132.154,241.8661736111111,5.480138888888889,1538.0,296.0,11773.0,33.24,9.0,1.6,0.0,0.2,7.83975
2008-12-20,2242.502,160.69,242.56599722029185,6.499791521890202,1132.0,6479.0,12819.0,33.24,9.0,1.6,0.0,0.2,9.268917
2008-12-21,2643.61,135.072,241.72008333333332,7.662638888888889,1099.0,9189.0,14816.0,33.24,9.0,1.6,0.0,0.2,7.7605834
2008-12-22,2015.808,124.87,241.86449305555556,5.857083333333334,2157.0,391.0,10433.0,33.24,9.0,1.6,0.0,0.2,6.954333
2008-12-23,1798.088,151.08,241.77054861111114,5.250694444444444,2666.0,2115.0,8326.0,33.24,9.0,1.6,0.0,0.2,3.8022501
2008-12-24,1269.638,115.318,243.960625,3.6336111111111107,0.0,364.0,9981.0,33.24,9.0,1.6,0.0,0.2,4.875167
2008-12-25,1061.118,116.882,243.2330625,3.0386111111111114,0.0,285.0,3598.0,33.24,9.0,1.6,0.0,0.2,1.3085
2008-12-26,1223.732,124.222,244.35365972222223,3.5006944444444446,1121.0,279.0,7796.0,33.24,9.0,1.6,0.0,0.2,-0.59983337
2008-12-27,2972.164,118.132,243.31189583333332,8.431805555555554,0.0,244.0,12209.0,33.24,9.0,1.6,0.0,0.2,-2.1269166
2008-12-28,1570.642,112.248,244.56038194444446,4.42,1953.0,217.0,5291.0,33.24,9.0,1.6,0.0,0.2,-2.5123334
2008-12-29,555.278,91.638,244.95475694444443,1.5788888888888888,0.0,218.0,2480.0,33.24,9.0,1.6,0.0,0.2,-0.85400015
2008-12-30,1195.238,113.206,244.63816666666668,3.4018055555555557,0.0,245.0,7145.0,33.24,9.0,1.6,0.0,0.2,-0.09775
2008-12-31,1964.188,129.272,243.29661805555557,5.6876388888888885,2975.0,246.0,11860.0,33.24,9.0,1.6,0.0,0.2,
